"Key","Item Type","Publication Year","Author","Title","Publication Title","ISBN","ISSN","DOI","Url","Abstract Note","Date","Date Added","Date Modified","Access Date","Pages","Num Pages","Issue","Volume","Number Of Volumes","Journal Abbreviation","Short Title","Series","Series Number","Series Text","Series Title","Publisher","Place","Language","Rights","Type","Archive","Archive Location","Library Catalog","Call Number","Extra","Notes","File Attachments","Link Attachments","Manual Tags","Automatic Tags","Editor","Series Editor","Translator","Contributor","Attorney Agent","Book Author","Cast Member","Commenter","Composer","Cosponsor","Counsel","Interviewer","Producer","Recipient","Reviewed Author","Scriptwriter","Words By","Guest","Number","Edition","Running Time","Scale","Medium","Artwork Size","Filing Date","Application Number","Assignee","Issuing Authority","Country","Meeting Name","Conference Name","Court","References","Reporter","Legal Status","Priority Numbers","Programming Language","Version","System","Code","Code Number","Section","Session","Committee","History","Legislative Body"
"FIJ9YND9","journalArticle","1998","Dasgupta, Abhijit; Raftery, Adrian E","Detecting Features in Spatial Point Patterns with Clutter Via Model-Based Clustering","Journal of the American Statististical Association","","","","http://scholar.google.com/scholar?q=related:nhTkotCskLoJ:scholar.google.com/&hl=en&num=30&as_sdt=0,5","","1998","2020-09-16 18:34:56","2020-09-16 18:34:56","","294-302","","","93","","","","","","","","Am. Statistical Assoc","","","All rights reserved","","","","","","Place: University of Washington","","/Users/ksrd721/Zotero/storage/2TRZM44P/Dasgupta, Raftery - 1998 - Detecting Features in Spatial Point Patterns with Clutter Via Model-Based Clustering(2).pdf","","","","","","","","","","","","","","","","","","","","","","","","","","","","","","","","","","","","","","","","","","","","","","","","",""
"C9LMAYV6","journalArticle","2019","Tektonidou, Maria G; Dasgupta, Abhijit; Ward, Michael M","Interhospital variation in mortality among patients with systemic lupus erythematosus and sepsis in the USA","Rheumatology","","","","","","2019","2020-09-16 18:37:44","2025-03-25 02:45:44","","","","","","","","","","","","","","","","All rights reserved","","","","","","","","","http://dx.doi.org/10.1093/rheumatology/kez103","mortality; sepsis; systemic lupus erythematosus; volume-outcome associations","","","","","","","","","","","","","","","","","","","","","","","","","","","","","","","","","","","","","","","","","","","","","","",""
"YMU8HEW6","journalArticle","2006","Parascandola, Mark; Weed, Douglas L; Dasgupta, Abhijit","Two Surgeon General's reports on smoking and cancer: a historical investigation of the practice of causal inference.","Emerging Themes in Epidemiology","","17427622","10.1186/1742-7622-3-1","http://www.pubmedcentral.nih.gov/articlerender.fcgi?artid=1343554&tool=pmcentrez&rendertype=abstract","BACKGROUND: The epidemiologic literature is replete with conceptual discussions about causal inference, but little is known about how the causal criteria are applied in public health practice. The criteria for causal inference in use today by epidemiologists have been shaped substantially by their use over time in reports of the U.S. Surgeon General on Smoking and Health. METHODS: We reviewed two classic reports on smoking and health from expert committees convened by the US Surgeon General, in 1964 and 1982, in order to evaluate and contrast how the committees applied causal criteria to the available evidence for the different cancer sites at different time periods. We focus on the evidence for four cancer sites in particular that received detailed reviews in the reports: lung, larynx, esophagus and bladder. RESULTS: We found that strength of association and coherence (especially dose-response, biological plausibility and epidemiologic sense) appeared to carry the most weight; consistency carried less weight, and temporality and specificity were apparently not applied at all in some cases. No causal claim was made for associations with a summary odds ratio of less than 3.0. CONCLUSION: Our findings suggest that the causal criteria as described in textbooks and the Surgeon General reports can have variable interpretations and applications in practice. While the authors of these reports may have considered evidential factors that they did not explicitly cite, such lack of transparency of methods undermines the purpose of the causal criteria to promote objective, evidence-based decision making. Further empirical study and critical examination of the process by which causal conclusions are reached can play an important role in advancing the practice of epidemiology by helping public health scientists to better understand the practice of causal inference.","2006","2020-09-16 18:37:43","2025-03-25 02:45:46","","1","","","3","","","","","","","","National Cancer Institute, Bethesda, Maryland, USA. paramark@mail.nih.gov","","","All rights reserved","","","","","","","","; /Users/ksrd721/Zotero/storage/UUC8VWRG/Parascandola, Weed, Dasgupta - 2006 - Two Surgeon General's reports on smoking and cancer a historical investigation of the practice (2).pdf","http://dx.doi.org/10.1186/1742-7622-3-1","","","","","","","","","","","","","","","","","","","","","","","","","","","","","","","","","","","","","","","","","","","","","","","",""
"6GVZEEJP","journalArticle","2002","das Gupta, Somesh; Dasgupta, Abhijit","Ill-conditioned design and unidentifiability","Sankhy\=a. The Indian Journal of Statistics. Series A","","","","http://www.ams.org/mathscinet-getitem?mr=MR1968376","","2002","2020-09-16 18:37:43","2025-03-25 02:45:47","","86-94","","1","64","","","","","","","","","","","All rights reserved","","","","","","Number: 1","","","","","","","","","","","","","","","","","","","","","","","","","","","","","","","","","","","","","","","","","","","","","","","","","","",""
"K3HI4Y9Y","journalArticle","2020","Ward, Michael M; Dasgupta, Abhijit","Regional variation in rates of total knee arthroplasty among medicare beneficiaries","JAMA Network Open","","","","","","2020","2024-05-29 13:43:03","2024-05-29 13:43:03","","e203717–e203717","","4","3","","","","","","","","American Medical Association","","","","","","","","","","","","","","","","","","","","","","","","","","","","","","","","","","","","","","","","","","","","","","","","","","","","","","","","","","","",""
"SD7LHXHD","journalArticle","2020","Ward, Michael M; Dasgupta, Abhijit","Pre-operative withholding of infliximab and the risk of infections after major surgery in patients with rheumatoid arthritis","Rheumatology","","","","","","2020","2020-09-16 18:36:45","2025-03-25 02:44:04","","3917–3926","","12","59","","","","","","","","Oxford University Press","","","","","","","","","","","/Users/ksrd721/Zotero/storage/4EHNGF3H/Ward and Dasgupta - Pre-operative withholding of infliximab and the ri.pdf; /Users/ksrd721/Zotero/storage/6SK7H4JK/5876180.html","","","","","","","","","","","","","","","","","","","","","","","","","","","","","","","","","","","","","","","","","","","","","","","","",""
"G85AD3ER","journalArticle","2018","Ward, Michael M; Tektonidou, Maria; Dasgupta, Abhijit","CS-27 Mortality among patients with systemic lupus erythematosus hospitalized with sepsis varies widely among US hospitals","Lupus Science & Medicine","","","10.1136/lupus-2018-lsm.62","http://dx.doi.org/10.1136/lupus-2018-lsm.62","","2018-08","2024-05-29 13:43:03","2024-05-29 13:43:03","","A37–A38","","Suppl 2","5","","","","","","","","","","","","","","","","","Citation Key: Ward:2018c","","","","","","","","","","","","","","","","","","","","","","","","","","","","","","","","","","","","","","","","","","","","","","","","","","",""
"DI9BD63B","journalArticle","2018","Jha, Smita; Laucis, Nicholas; Kim, Lauren; Malayeri, Ashkan; Dasgupta, Abhijit; Papadakis, Georgios Z.; Karantanas, Apostolos; Torres, Miguel; Bhattacharyya, Timothy","CT analysis of anatomical distribution of melorheostosis challenges the sclerotome hypothesis","Bone","","8756-3282","10.1016/j.bone.2018.09.005","http://www.sciencedirect.com/science/article/pii/S8756328218303430","Melorheostosis (MEL) is a rare disease of high bone mass with patchy skeletal distribution affecting the long bones. We recently reported somatic mosaic mutations in MAP2K1 in 8 of 15 patients with the disease. The unique anatomic distribution of melorheostosis is of great interest. The disease remains limited to medial or lateral side of the extremity with proximo-distal progression. This pattern of distribution has historically been attributed to sclerotomes (area of bone which is innervated by a single spinal nerve level). In a further analysis of our study on MEL, 30 recruited patients underwent whole body CT scans to characterize the anatomic distribution of the disease. Two radiologists independently reviewed these scans and compared it to the proposed map of sclerotomes. We found that the disease distribution conformed to the distribution of a single sclerotome in only 5 patients (17%). In another 12 patients, the lesions spanned parts of contiguous sclerotomes but did not involve the entire extent of the sclerotomes. Our findings raise concerns about the sclerotomal hypothesis being the definitive explanation for the pattern of anatomic distribution in MEL. We believe that the disease distribution can be explained by clonal proliferation of a mutated skeletal progenitor cell along the limb axis. Studies in mice models on clonal proliferation in limb buds mimic the patterns seen in melorheostosis. We also support this hypothesis by the dorso-ventral confinement of melorheostotic lesion in a patient with low allele frequency of MAP2K1-positive osteoblasts and low skeletal burden of the disease. This suggests that the mutation occurred after the formation of dorso-ventral plane. Further studies on limb development are needed to better understand the etiology, pathophysiology and pattern of disease distribution in all patients with MEL.","2018-12","2024-05-29 13:43:03","2024-05-29 13:43:03","","31 - 36","","","117","","","","","","","","Elsevier BV","","","","","","","","","Citation Key: Jha:2018b tex.date-added: 2018-12-21 03:04:45 +0000 tex.date-modified: 2018-12-21 03:08:25 +0000","","; ","https://doi.org/10.1016/j.bone.2018.09.005; http://dx.doi.org/10.1016/j.bone.2018.09.005","Hyperostosis; Limb development; Sclerotomes; Somatic mutation","","","","","","","","","","","","","","","","","","","","","","","","","","","","","","","","","","","","","","","","","","","","","","",""
"A27LZXCI","journalArticle","2018","Jha, Smita; Fratzl-Zelman, Nadja; Roschger, Paul; Papadakis, Georgios Z; Cowen, Edward W; Kang, Heeseog; Lehky, Tanya J; Alter, Katharine; Deng, Zuoming; Ivovic, Aleksandra; Flynn, Lauren; Reynolds, James C; Dasgupta, Abhijit; Miettinen, Markku; Lange, Eileen; Katz, James; Kaushofer, Klaus; Marini, Joan C; Siegel, Richard M; Bhattacharyya, Timothy","Distinct clinical and pathological features of melorheostosis associated with somatic MAP2K1 mutations","Journal of Bone and Mineral Research","","","10.1002/jbmr.3577","https://dx.doi.org/10.1002/jbmr.3577","","2018-09","2024-05-29 13:43:03","2024-05-29 13:43:03","","145–156","","1","34","","","","","","","","Wiley","","","","","","","","","Citation Key: Jha:2018 tex.date-added: 2018-08-21 20:18:51 +0000 tex.date-modified: 2018-08-21 20:21:11 +0000","","","http://dx.doi.org/10.1002/jbmr.3577","","","","","","","","","","","","","","","","","","","","","","","","","","","","","","","","","","","","","","","","","","","","","","","",""
"SEM4I4RK","journalArticle","2018","Ward, Michael M.; Guthrie, Lori C.; Alba, Maria I.; Dasgupta, Abhijit","Origins of discordant responses among 3 rheumatoid arthritis improvement criteria","The Journal of Rheumatology","","","10.3899/jrheum.170788","https://dx.doi.org/10.3899/jrheum.170788","","2018-04","2020-09-16 18:37:44","2025-03-25 02:44:01","","745–752","","6","45","","","","","","","","The Journal of Rheumatology","","","","","","","","","","","","http://dx.doi.org/10.3899/jrheum.170788","","","","","","","","","","","","","","","","","","","","","","","","","","","","","","","","","","","","","","","","","","","","","","","",""
"4B29DYW6","journalArticle","2018","Wang, Runsheng; Dasgupta, Abhijit; Ward, Michael M","Comparative efficacy of tumor necrosis factor-<span class=""nocase"">α</span> inhibitors in ankylosing spondylitis: a systematic review and bayesian network metaanalysis","The Journal of Rheumatology","","","10.3899/jrheum.170224","https://dx.doi.org/10.3899/jrheum.170224","OBJECTIVE: To compare the efficacy of 6 tumor necrosis factor-alpha inhibitors (TNFi) in treatment of ankylosing spondylitis (AS) at 12 weeks and 24 weeks. METHODS: We performed a systematic literature review of randomized controlled trials of TNFi in patients with active AS. We included trials that reported efficacy at 10 to 14 weeks (12-week analysis) and at 24 to 30 weeks (24-week analysis). We used Bayesian network metaanalysis (NMA) to compare their relative efficacy to improve the Bath Ankylosing Spondylitis Disease Activity Index (BASDAI), Bath Ankylosing Spondylitis Functional Index (BASFI), and C-reactive protein (CRP) level. RESULTS: We included 20 trials of 6 TNFi, with 43 treatment arms and 3220 participants. All TNFi were significantly better than placebo in reducing BASDAI and BASFI at 12 weeks and 24 weeks; all but certolizumab pegol (CZP) were statistically better than placebo in reducing CRP at 12 weeks; all but CZP and infliximab-dyyb (IFX biosimilar) were significantly better than placebo in reducing CRP at 24 weeks. IFX was superior to the other TNFi in decreasing BASDAI at 12 weeks, but not at 24 weeks. Excluding 1 open-label trial, there were no differences among TNFi. CONCLUSION: Based on this NMA of clinical trials, IFX was superior to other TNFi in reducing BASDAI at 12 weeks, but sensitive to inclusion of an open-label trial, and its efficacy was diminished at 24 weeks. The analysis was limited by few direct comparison trials. Further study of relative safety and longterm effectiveness will help inform the choice of TNFi in treating active AS.","2018-01","2024-05-29 13:43:03","2024-05-29 13:43:03","","481–490","","4","45","","The Journal of Rheumatology","","","","","","The Journal of Rheumatology","","","","","","","","","Citation Key: Wang:2018 tex.date-added: 2018-02-20 06:43:06 +0000 tex.date-modified: 2018-02-20 06:47:38 +0000 tex.howpublished: aheadofprint","","","http://dx.doi.org/10.3899/jrheum.170224","","","","","","","","","","","","","","","","","","","","","","","","","","","","","","","","","","","","","","","","","","","","","","","",""
"MHYLN2YN","journalArticle","2008","Barbarotto, Elisa; Secchiero, Paola; Dasgupta, Abhijit; Fortina, Paolo; Calin, George A; Hyslop, Terry","MicroRNAs as new players in the genomic galaxy and disease puzzles.","Clinical And Translational Science","","1752-8062 (Electronic)","","","MicroRNAs (miRNAs) are a large family of short, single-stranded, highly conserved noncoding RNAs involved in gene regulation that can regulate gene expression through sequence-specific base pairing with target messenger RNAs (mRNAs). miRNAs have been implicated in the development of a wide variety of cancers as well as heart disease and other diseases. This review describes the role of miRNAs in human disease, methodology for evaluating miRNA gene expression, and the potential role of miRNAs as therapeutic agents and targets for the treatment of disease.","2008-05","2024-05-29 13:43:03","2024-05-29 13:43:03","","50-6","","","1","","","","","","","","","","","","","","","","","Place: United States tex.owner: abhijit tex.timestamp: 2016.02.06","","","","Humans; Gene Expression Profiling; Animals; *Gene Expression Regulation; Biological; Caenorhabditis elegans; Gene Expression Regulation; Genomics/*methods; Heart Diseases/*metabolism; MicroRNAs/*metabolism; Models; Neoplasms/*metabolism; Neoplastic; Tissue Distribution","","","","","","","","","","","","","","","","","","","","","","","","","","","","","","","","","","","","","","","","","","","","","","",""
"HHMLB55W","journalArticle","2013","Bethi, Siddharth; Dasgupta, Abhijit; Weisman, Michael H; Learch, Thomas J; Gensler, Lianne S; Davis, John C Jr; Reveille, John D; Ward, Michael M","Functional limitations due to axial and peripheral joint impairments in patients with ankylosing spondylitis: are focused measures more informative?","Arthritis Care & Research","","","","","OBJECTIVE: Functional limitations in ankylosing spondylitis (AS) may be due to peripheral joint or axial involvement. To determine if the Bath Ankylosing Spondylitis Functional Index (BASFI), an axial-focused measure, can detect limitations related to peripheral joint involvement equally as well as the Health Assessment Questionnaire modified for the spondyloarthropathies (HAQ-S), a peripheral arthritis-focused measure, and vice versa, we compared associations of each questionnaire with spinal and hip range of motion, peripheral arthritis, and enthesitis in patients with AS. METHODS: We examined patients every 4-6 months in this prospective longitudinal study. We used mixed linear models to analyze the associations between 10 physical examination measures and the BASFI and HAQ-S. RESULTS: We studied 411 patients for a median of 1.5 years (median 3 visits). In multivariate analyses, cervical rotation, chest expansion, lateral thoracolumbar flexion, hip motion, tender joint count, and tender enthesis count were equally strongly associated with the BASFI and HAQ-S. Peripheral joint swelling was more strongly associated with the HAQ-S. Individual items of the BASFI were more likely than items of the HAQ-S to be associated with unrelated physical examination measures (e.g., the association between difficulty rising from a chair and cervical rotation), which may have diminished the axial/peripheral distinction for the BASFI. CONCLUSION: The BASFI and HAQ-S had similar associations with impairments in axial measures, while the HAQ-S had stronger associations with the number of swollen peripheral joints. The HAQ-S should be considered for use in studies focused on spondyloarthritis with peripheral joint involvement.","2013-04","2024-05-29 13:43:03","2024-05-29 13:43:03","","607-14","","","65","","","","","","","","","","","","","","","","","Place: United States tex.owner: abhijit tex.pmcid: PMC3567248 tex.timestamp: 2016.02.06","","","","Female; Humans; Adult; Male; Prospective Studies; Surveys and Questionnaires; Follow-Up Studies; *Activities of Daily Living; *Disability Evaluation; *Range of Motion; Ankylosing/diagnosis/physiopathology/*rehabilitation; Articular; Joints/*physiopathology; Pain Measurement/*methods; Severity of Illness Index; Spondylitis","","","","","","","","","","","","","","","","","","","","","","","","","","","","","","","","","","","","","","","","","","","","","","",""
"XDHXUZRG","journalArticle","2010","Bonita, Raphael E; Raake, Philip W; Otis, Nicholas J; Chuprun, J Kurt; Spivack, Talya; Dasgupta, Abhijit; Whellan, David J; Mather, Paul J; Koch, Walter J","Dynamic changes in lymphocyte GRK2 levels in cardiac transplant patients: a biomarker for left ventricular function.","Clinical And Translational Science","","","","","G protein-coupled receptor kinase 2 (GRK2), which is upregulated in the failing human myocardium, appears to have a role in heart failure (HF) pathogenesis. In peripheral lymphocytes, GRK2 expression has been shown to reflect myocardial levels. This study represents an attempt to define the role for GRK2 as a potential biomarker of left ventricular function in HF patients. We obtained blood from 24 HF patients before and after heart transplantation and followed them for up to 1 year, also recording hemodynamic data and histological results from endomyocardial biopsies. We determined blood GRK2 protein by Western blotting and enzyme-linked immunosorbent assay. GRK2 levels were obtained before transplant and at first posttransplant biopsy. GRK2 levels significantly declined after transplant and remained low over the course of the study period. After transplantation, we found that blood GRK2 significantly dropped and remained low consistent with improved cardiac function in the transplanted heart. Blood GRK2 has potential as a biomarker for myocardial function in end-stage HF.","2010-02","2024-05-29 13:43:03","2024-05-29 13:43:03","","14-8","","","3","","","","","","","","","","","","","","","","","Place: United States tex.owner: abhijit tex.pmcid: PMC3040896 tex.timestamp: 2016.02.06","","","","Female; Humans; Adult; Aged; Hemodynamics; Male; Middle Aged; *Ventricular Function; Biomarkers/*metabolism; Blotting; Cytosol/metabolism; Enzyme-Linked Immunosorbent Assay; G-Protein-Coupled Receptor Kinase 2/*metabolism; Heart Failure/blood/*therapy; Heart Transplantation/*methods; Left; Lymphocytes/cytology; Myocardium/metabolism/pathology; Western","","","","","","","","","","","","","","","","","","","","","","","","","","","","","","","","","","","","","","","","","","","","","","",""
"ZIL3W5UV","journalArticle","2014","Chen, Zhen-Xia; Sturgill, David; Qu, Jiaxin; Jiang, Huaiyang; Park, Soo; Boley, Nathan; Suzuki, Ana Maria; Fletcher, Anthony R; Plachetzki, David C; FitzGerald, Peter C; Artieri, Carlo G; Atallah, Joel; Barmina, Olga; Brown, James B; Blankenburg, Kerstin P; Clough, Emily; Dasgupta, Abhijit; Gubbala, Sai; Han, Yi; Jayaseelan, Joy C; Kalra, Divya; Kim, Yoo-Ah; Kovar, Christie L; Lee, Sandra L; Li, Mingmei; Malley, James D; Malone, John H; Mathew, Tittu; Mattiuzzo, Nicolas R; Munidasa, Mala; Muzny, Donna M; Ongeri, Fiona; Perales, Lora; Przytycka, Teresa M; Pu, Ling-Ling; Robinson, Garrett; Thornton, Rebecca L; Saada, Nehad; Scherer, Steven E; Smith, Harold E; Vinson, Charles; Warner, Crystal B; Worley, Kim C; Wu, Yuan-Qing; Zou, Xiaoyan; Cherbas, Peter; Kellis, Manolis; Eisen, Michael B; Piano, Fabio; Kionte, Karin; Fitch, David H; Sternberg, Paul W; Cutter, Asher D; Duff, Michael O; Hoskins, Roger A; Graveley, Brenton R; Gibbs, Richard A; Bickel, Peter J; Kopp, Artyom; Carninci, Piero; Celniker, Susan E; Oliver, Brian; Richards, Stephen","Comparative validation of the D. melanogaster modENCODE transcriptome annotation.","Genome Research","","","","","Accurate gene model annotation of reference genomes is critical for making them useful. The modENCODE project has improved the D. melanogaster genome annotation by using deep and diverse high-throughput data. Since transcriptional activity that has been evolutionarily conserved is likely to have an advantageous function, we have performed large-scale interspecific comparisons to increase confidence in predicted annotations. To support comparative genomics, we filled in divergence gaps in the Drosophila phylogeny by generating draft genomes for eight new species. For comparative transcriptome analysis, we generated mRNA expression profiles on 81 samples from multiple tissues and developmental stages of 15 Drosophila species, and we performed cap analysis of gene expression in D. melanogaster and D. pseudoobscura. We also describe conservation of four distinct core promoter structures composed of combinations of elements at three positions. Overall, each type of genomic feature shows a characteristic divergence rate relative to neutral models, highlighting the value of multispecies alignment in annotating a target genome that should prove useful in the annotation of other high priority genomes, especially human and other mammalian genomes that are rich in noncoding sequences. We report that the vast majority of elements in the annotation are evolutionarily conserved, indicating that the annotation will be an important springboard for functional genetic testing by the Drosophila community.","2014-07","2024-05-29 13:43:03","2024-05-29 13:43:03","","1209-23","","","24","","","","","","","","","","","","","","","","","Place: United States tex.owner: abhijit tex.pmcid: PMC4162429 tex.timestamp: 2016.02.06","","","","Female; Humans; Male; Cluster Analysis; Reproducibility of Results; Animals; *Gene Expression Profiling; *Molecular Sequence Annotation; *Transcriptome; Computational Biology/*methods; Drosophila melanogaster/classification/*genetics; Evolution; Exons; Genetic; Genome; Insect; Molecular; Nucleotide Motifs; Phylogeny; Position-Specific Scoring Matrices; Promoter Regions; RNA Editing; RNA Splice Sites; RNA Splicing; Transcription Initiation Site","","","","","","","","","","","","","","","","","","","","","","","","","","","","","","","","","","","","","","","","","","","","","","",""
"S8VPFLKN","journalArticle","2009","Costantino, Christina L; Witkiewicz, Agnieszka K; Kuwano, Yuki; Cozzitorto, Joseph A; Kennedy, Eugene P; Dasgupta, Abhijit; Keen, Judith C; Yeo, Charles J; Gorospe, Myriam; Brody, Jonathan R","The role of HuR in gemcitabine efficacy in pancreatic cancer: HuR Up-regulates the expression of the gemcitabine metabolizing enzyme deoxycytidine kinase.","Cancer Research","","","","","RNA-binding protein HuR binds U- or AU-rich sequences in the 3'-untranslated regions of target mRNAs, stabilizing them and/or modulating their translation. Given the links of HuR with cancer, we studied the consequences of modulating HuR levels in pancreatic cancer cells. HuR-overexpressing cancer cells, in some instances, are roughly up to 30-fold more sensitive to treatment with gemcitabine, the main chemotherapeutic component of treatment regimens for pancreatic ductal adenocarcinoma (PDA), compared with control cells. In pancreatic cancer cells, HuR associates with deoxycytidine kinase (dCK) mRNA, which encodes the enzyme that metabolizes and thereby activates gemcitabine. Gemcitabine exposure to pancreatic cancer cells enriches the association between HuR and dCK mRNA and increases cytoplasmic HuR levels. Accordingly, HuR overexpression elevates, whereas HuR silencing reduces, dCK protein expression in pancreatic cancer cells. In a clinical correlate study of gemcitabine treatment, we found a 7-fold increase in risk of mortality in PDA patients with low cytoplasmic HuR levels compared with patients with high HuR levels, after adjusting for other treatments and demographic variables. These data support the notion that HuR is a key mediator of gemcitabine efficacy in cancer cells, at least in part through its ability to regulate dCK levels posttranscriptionally. We propose that HuR levels in PDA modulate the therapeutic efficacy of gemcitabine, thus serving as a marker of the clinical utility of this common chemotherapeutic agent and a potential target for intervention in pancreatic cancer.","2009-06","2024-05-29 13:43:03","2024-05-29 13:43:03","","4567-72","","","69","","","","","","","","","","","","","","","","","Place: United States tex.owner: abhijit tex.timestamp: 2016.02.06","","","","Humans; Treatment Outcome; Time Factors; Drug Resistance; Biomarkers; Gene Expression Regulation; Antigens; Antimetabolites; Antineoplastic/therapeutic use; Carcinoma; Cultured; Cytarabine/therapeutic use; Deoxycytidine Kinase/*genetics/metabolism; Deoxycytidine/*analogs \& derivatives/pharmacokinetics/therapeutic use; ELAV Proteins; ELAV-Like Protein 1; Inactivation; Metabolic/genetics; Neoplasm/genetics; Neoplastic/drug effects; Pancreatic Ductal/*drug therapy/*genetics; Pancreatic Neoplasms/*drug therapy/*genetics; RNA-Binding Proteins/genetics/*physiology; Surface/genetics/*physiology; Tumor Cells; Tumor/genetics/physiology; Up-Regulation/drug effects","","","","","","","","","","","","","","","","","","","","","","","","","","","","","","","","","","","","","","","","","","","","","","",""
"94P8FCWC","journalArticle","2011","Dasgupta, Abhijit; Sun, Yan V; Konig, Inke R; Bailey-Wilson, Joan E; Malley, James D","Brief review of regression-based and machine learning methods in genetic epidemiology: the Genetic Analysis Workshop 17 experience.","Genetic Epidemiology","","","","","Genetics Analysis Workshop 17 provided common and rare genetic variants from exome sequencing data and simulated binary and quantitative traits in 200 replicates. We provide a brief review of the machine learning and regression-based methods used in the analyses of these data. Several regression and machine learning methods were used to address different problems inherent in the analyses of these data, which are high-dimension, low-sample-size data typical of many genetic association studies. Unsupervised methods, such as cluster analysis, were used for data segmentation and, subset selection. Supervised learning methods, which include regression-based methods (e.g., generalized linear models, logic regression, and regularized regression) and tree-based methods (e.g., decision trees and random forests), were used for variable selection (selecting genetic and clinical features most associated or predictive of outcome) and prediction (developing models using common and rare genetic variants to accurately predict outcome), with the outcome being case-control status or quantitative trait value. We include a discussion of cross-validation for model selection and assessment, and a description of available software resources for these methods.","2011","2024-05-29 13:43:03","2024-05-29 13:43:03","","S5-11","","","35 Suppl 1","","","","","","","","","","","","","","","","","Place: United States tex.owner: abhijit tex.pmcid: PMC3345521 tex.timestamp: 2016.02.06","","","","Humans; Cluster Analysis; Algorithms; *Regression Analysis; Artificial Intelligence; Congresses as Topic; Decision Trees; Genetics; Molecular Epidemiology/*methods","","","","","","","","","","","","","","","","","","","","","","","","","","","","","","","","","","","","","","","","","","","","","","",""
"F2QCI67Q","journalArticle","2014","Dasgupta, Abhijit; Szymczak, Silke; Moore, Jason H; Bailey-Wilson, Joan E; Malley, James D","Risk estimation using probability machines.","BioData Mining","","1756-0381 (Linking)","","","BACKGROUND: Logistic regression has been the de facto, and often the only, model used in the description and analysis of relationships between a binary outcome and observed features. It is widely used to obtain the conditional probabilities of the outcome given predictors, as well as predictor effect size estimates using conditional odds ratios. RESULTS: We show how statistical learning machines for binary outcomes, provably consistent for the nonparametric regression problem, can be used to provide both consistent conditional probability estimation and conditional effect size estimates. Effect size estimates from learning machines leverage our understanding of counterfactual arguments central to the interpretation of such estimates. We show that, if the data generating model is logistic, we can recover accurate probability predictions and effect size estimates with nearly the same efficiency as a correct logistic model, both for main effects and interactions. We also propose a method using learning machines to scan for possible interaction effects quickly and efficiently. Simulations using random forest probability machines are presented. CONCLUSIONS: The models we propose make no assumptions about the data structure, and capture the patterns in the data by just specifying the predictors involved and not any particular model structure. So they do not run the same risks of model mis-specification and the resultant estimation biases as a logistic model. This methodology, which we call a ""risk machine"", will share properties from the statistical machine that it is derived from.","2014","2024-05-29 13:43:03","2024-05-29 13:43:03","","2","","","7","","BioData Mining","","","","","","","","","","","","","","","Place: England tex.owner: abhijit tex.pmcid: PMC4015350 tex.timestamp: 2016.02.06","","","","","","","","","","","","","","","","","","","","","","","","","","","","","","","","","","","","","","","","","","","","","","","","","","",""
"EIHEU3X8","journalArticle","2014","Greenstein, Deanna; Kataria, Rachna; Gochman, Peter; Dasgupta, Abhijit; Malley, James D; Rapoport, Judith; Gogtay, Nitin","Looking for childhood-onset schizophrenia: diagnostic algorithms for classifying children and adolescents with psychosis.","Journal of Child and Adolescent Psychopharmacology","","","","","OBJECTIVE: Among children ¡13 years of age with persistent psychosis and contemporaneous decline in functioning, it is often difficult to determine if the diagnosis of childhood onset schizophrenia (COS) is warranted. Despite decades of experience, we have up to a 44% false positive screening diagnosis rate among patients identified as having probable or possible COS; final diagnoses are made following inpatient hospitalization and medication washout. Because our lengthy medication-free observation is not feasible in clinical practice, we constructed diagnostic classifiers using screening data to assist clinicians practicing in the community or academic centers. METHODS: We used cross-validation, logistic regression, receiver operating characteristic (ROC) analysis, and random forest to determine the best algorithm for classifying COS (n=85) versus histories of psychosis and impaired functioning in children and adolescents who, at screening, were considered likely to have COS, but who did not meet diagnostic criteria for schizophrenia after medication washout and inpatient observation (n=53). We used demographics, clinical history measures, intelligence quotient (IQ) and screening rating scales, and number of typical and atypical antipsychotic medications as our predictors. RESULTS: Logistic regression models using nine, four, and two predictors performed well with positive predictive values¿90%, overall accuracy¿77%, and areas under the curve (AUCs)¿86%. CONCLUSIONS: COS can be distinguished from alternate disorders with psychosis in children and adolescents; greater levels of positive and negative symptoms and lower levels of depression combine to make COS more likely. We include a worksheet so that clinicians in the community and academic centers can predict the probability that a young patient may be schizophrenic, using only two ratings.","2014-09","2024-05-29 13:43:03","2024-05-29 13:43:03","","366-73","","","24","","","","","","","","","","","","","","","","","Place: United States tex.owner: abhijit tex.pmcid: PMC4162429 tex.timestamp: 2016.02.06","","","","Female; Humans; Male; ROC Curve; Adolescent; Logistic Models; *Algorithms; *Predictive Value of Tests; Antipsychotic Agents/therapeutic use; Child; Childhood/*diagnosis/drug therapy; Intelligence Tests; Psychiatric Status Rating Scales; Psychotic Disorders/*diagnosis/drug therapy; Schizophrenia","","","","","","","","","","","","","","","","","","","","","","","","","","","","","","","","","","","","","","","","","","","","","","",""
"YA9EICA4","journalArticle","2010","Gu, Lei; Vogiatzi, Paraskevi; Puhr, Martin; Dagvadorj, Ayush; Lutz, Jacqueline; Ryder, Amy; Addya, Sankar; Fortina, Paolo; Cooper, Carlton; Leiby, Benjamin; Dasgupta, Abhijit; Hyslop, Terry; Bubendorf, Lukas; Alanen, Kalle; Mirtti, Tuomas; Nevalainen, Marja T","Stat5 promotes metastatic behavior of human prostate cancer cells in vitro and in vivo.","Endocrine-related cancer","","","","","There are no effective therapies for disseminated prostate cancer. Constitutive activation of Stat5 in prostate cancer is associated with cancer lesions of high histological grade. We have shown that Stat5 is activated in 61% of distant metastases of clinical prostate cancer. Active Stat5 increased metastases formation of prostate cancer cells in nude mice by 11-fold in an experimental metastases assay. Active Stat5 promoted migration and invasion of prostate cancer cells, and induced rearrangement of the microtubule network. Active Stat5 expression was associated with decreased cell surface E-cadherin levels, while heterotypic adhesion of prostate cancer cells to endothelial cells was stimulated by active Stat5. Activation of Stat5 and Stat5-induced binding of prostate cancer cells to endothelial cells were decreased by inhibition of Src but not of Jak2. Gene expression profiling indicated that 21% of Stat5-regulated genes in prostate cancer cells were related to metastases, while 7.9% were related to proliferation and 3.9% to apoptosis. The work presented here provides the first evidence of Stat5 involvement in the induction of metastatic behavior of human prostate cancer cells in vitro and in vivo. Stat5 may provide a therapeutic target protein for disseminated prostate cancer.","2010-06","2024-05-29 13:43:03","2024-05-29 13:43:03","","481-93","","","17","","","","","","","","","","","","","","","","","Place: England tex.owner: abhijit tex.timestamp: 2016.02.06","","","","Humans; Male; Animals; Gene Expression Regulation; Cultured; Neoplastic/drug effects; Carcinoma/genetics/metabolism/*pathology; Cells; Janus Kinase 2/metabolism; Mice; Neoplasm Metastasis; Nude; Prostatic Neoplasms/genetics/metabolism/*pathology; RNA; Small Interfering/pharmacology; src-Family Kinases/metabolism; STAT5 Transcription Factor/antagonists \& inhibitors/genetics/metabolism/*physiology; Xenograft Model Antitumor Assays","","","","","","","","","","","","","","","","","","","","","","","","","","","","","","","","","","","","","","","","","","","","","","",""
"687B632H","journalArticle","2015","Holzinger, Emily Rose; Szymczak, Silke; Dasgupta, Abhijit; Malley, James; Li, Qing; Bailey-Wilson, Joan E","Variable selection method for the identification of epistatic models.","Pacific Symposium on Biocomputing. Pacific Symposium on Biocomputing","","","10.1142/9789814644730_0020","https://www.worldscientific.com/doi/abs/10.1142/9789814644730_0020","Standard analysis methods for genome wide association studies (GWAS) are not robust to complex disease models, such as interactions between variables with small main effects. These types of effects likely contribute to the heritability of complex human traits. Machine learning methods that are capable of identifying interactions, such as Random Forests (RF), are an alternative analysis approach. One caveat to RF is that there is no standardized method of selecting variables so that false positives are reduced while retaining adequate power. To this end, we have developed a novel variable selection method called relative recurrency variable importance metric (r2VIM). This method incorporates recurrency and variance estimation to assist in optimal threshold selection. For this study, we specifically address how this method performs in data with almost completely epistatic effects (i.e. no marginal effects). Our results show that with appropriate parameter settings, r2VIM can identify interaction effects when the marginal effects are virtually nonexistent. It also outperforms logistic regression, which has essentially no power under this type of model when the number of potential features (genetic variants) is large. (All Supplementary Data can be found here: http://research.nhgri.nih.gov/manuscripts/Bailey-Wilson/r2VIM_epi/).","2015-11","2024-05-29 13:43:03","2024-05-29 13:43:03","","195-206","","","","","","","","","","","WORLD SCIENTIFIC","","","","","","","","","Place: United States Publication title: Biocomputing 2015 tex.owner: abhijit tex.pmcid: PMC4299919 tex.timestamp: 2016.02.06","","","http://dx.doi.org/10.1142/9789814644730_0020","","","","","","","","","","","","","","","","","","","","","","","","","","","","","","","","","","","","","","","","","","","","","","","",""
"422DP8QB","journalArticle","2011","Kim, Yoonhee; Li, Qing; Cropp, Cheryl D; Sung, Heejong; Cai, Juanliang; Simpson, Claire L; Perry, Brian; Dasgupta, Abhijit; Malley, James D; Wilson, Alexander F; Bailey-Wilson, Joan E","Performance of random forests and logic regression methods using mini-exome sequence data.","BMC Proceedings","","","","","Machine learning approaches are an attractive option for analyzing large-scale data to detect genetic variants that contribute to variation of a quantitative trait, without requiring specific distributional assumptions. We evaluate two machine learning methods, random forests and logic regression, and compare them to standard simple univariate linear regression, using the Genetic Analysis Workshop 17 mini-exome data. We also apply these methods after collapsing multiple rare variants within genes and within gene pathways. Linear regression and the random forest method performed better when rare variants were collapsed based on genes or gene pathways than when each variant was analyzed separately. Logic regression performed better when rare variants were collapsed based on genes rather than on pathways.","2011","2024-05-29 13:43:03","2024-05-29 13:43:03","","S104","","","5 Suppl 9","","","","","","","","","","","","","","","","","Place: England tex.owner: abhijit tex.pmcid: PMC3287827 tex.timestamp: 2016.02.06","","","","","","","","","","","","","","","","","","","","","","","","","","","","","","","","","","","","","","","","","","","","","","","","","","",""
"8CABZ72Y","journalArticle","2008","Landi, Maria Teresa; Dracheva, Tatiana; Rotunno, Melissa; Figueroa, Jonine D; Liu, Huaitian; Dasgupta, Abhijit; Mann, Felecia E; Fukuoka, Junya; Hames, Megan; Bergen, Andrew W; Murphy, Sharon E; Yang, Ping; Pesatori, Angela C; Consonni, Dario; Bertazzi, Pier Alberto; Wacholder, Sholom; Shih, Joanna H; Caporaso, Neil E; Jen, Jin","Gene expression signature of cigarette smoking and its role in lung adenocarcinoma development and survival.","PloS One","","","","","BACKGROUND: Tobacco smoking is responsible for over 90% of lung cancer cases, and yet the precise molecular alterations induced by smoking in lung that develop into cancer and impact survival have remained obscure. METHODOLOGY/PRINCIPAL FINDINGS: We performed gene expression analysis using HG-U133A Affymetrix chips on 135 fresh frozen tissue samples of adenocarcinoma and paired noninvolved lung tissue from current, former and never smokers, with biochemically validated smoking information. ANOVA analysis adjusted for potential confounders, multiple testing procedure, Gene Set Enrichment Analysis, and GO-functional classification were conducted for gene selection. Results were confirmed in independent adenocarcinoma and non-tumor tissues from two studies. We identified a gene expression signature characteristic of smoking that includes cell cycle genes, particularly those involved in the mitotic spindle formation (e.g., NEK2, TTK, PRC1). Expression of these genes strongly differentiated both smokers from non-smokers in lung tumors and early stage tumor tissue from non-tumor tissue (p¡0.001 and fold-change ¿1.5, for each comparison), consistent with an important role for this pathway in lung carcinogenesis induced by smoking. These changes persisted many years after smoking cessation. NEK2 (p¡0.001) and TTK (p = 0.002) expression in the noninvolved lung tissue was also associated with a 3-fold increased risk of mortality from lung adenocarcinoma in smokers. CONCLUSIONS/SIGNIFICANCE: Our work provides insight into the smoking-related mechanisms of lung neoplasia, and shows that the very mitotic genes known to be involved in cancer development are induced by smoking and affect survival. These genes are candidate targets for chemoprevention and treatment of lung cancer in smokers.","2008","2024-05-29 13:43:03","2024-05-29 13:43:03","","e1651","","","3","","","","","","","","","","","","","","","","","Place: United States tex.owner: abhijit tex.timestamp: 2016.02.06","","","","Humans; Biopsy; Gene Expression Regulation; Neoplastic; *Gene Expression Profiling; *Genes; Adenocarcinoma/*etiology; cdc; Cell Transformation; Lung Neoplasms/*etiology; Smoking/*adverse effects/*genetics","","","","","","","","","","","","","","","","","","","","","","","","","","","","","","","","","","","","","","","","","","","","","","",""
"H65GRXFD","journalArticle","2010","Lin, Jieru Egeria; Li, Peng; Snook, Adam Eugene; Schulz, Stephanie; Dasgupta, Abhijit; Hyslop, Terry Marie; Gibbons, Ahmara Vivian; Marszlowicz, Glen; Pitari, Giovanni Mario; Waldman, Scott Arthur","The hormone receptor GUCY2C suppresses intestinal tumor formation by inhibiting AKT signaling.","Gastroenterology","","","","","BACKGROUND & AIMS: GUCY2C is the intestinal receptor for the paracrine hormones guanylin and uroguanylin that converts guanosine-5'-triphosphate to cyclic guanosine monophosphate (cGMP). It functions as a tumor suppressor; its loss disrupts intestinal homeostasis and promotes tumorigenesis. We investigated the effects of GUCY2C loss on intestinal cell proliferation, metabolism, signaling, and tumorigenesis in mice. METHODS: Intestinal cell proliferation and metabolism were examined in Gucy2c(-/-) and colon cancer cells by microscopy, immunoblot, and functional analyses. Microarray analyses compared gene expression profiles of intestine cell from Gucy2c(-/-) and wild-type mice. v akt murine thymoma viral oncogene homolog (AKT) regulation and signaling were examined, and the role of AKT in GUCY2C-dependent tumorigenesis was defined in Gucy2c(-/-)Akt1(-/-) mice. RESULTS: The size and number of intestinal crypts increased in Gucy2c(-/-) mice; the associated epithelial cells showed accelerated proliferation, increased glycolysis, and reduced oxidative phosphorylation, which was reversed by oral administration of cGMP. Conversely, activating guanylyl cyclase C in human colon cancer cells delayed cell-cycle progression, decreased DNA synthesis and colony formation, reduced glycolysis, and increased mitochondrial adenosine triphosphate production. AKT signaling pathways were activated in intestines of Gucy2c(-/-) mice, associated with increased AKT phosphorylation. Disruption of AKT activity, pharmacologically or genetically, reduced DNA synthesis, proliferation, and glycolysis, and increased mitochondrial biogenesis. Intestinal tumorigenesis increased after administration of azoxymethane to Gucy2c(-/-) mice, compared with wild-type mice, but was eliminated in Gucy2c(-/-)Akt1(-/-) mice. CONCLUSIONS: GUCY2C is a tumor suppressor that controls proliferation and metabolism of intestinal epithelial cells by inactivating AKT signaling. This receptor and its ligands, which are paracrine hormones, might be novel candidates for anticolorectal cancer therapy.","2010-01","2024-05-29 13:43:03","2024-05-29 13:43:03","","241-54","","","138","","","","","","","","","","","","","","","","","Place: United States tex.owner: abhijit tex.timestamp: 2016.02.06","","","","Humans; Animals; Mice; Cell Transformation; Cell Division/physiology; Cell Line; Colonic Neoplasms/*metabolism/pathology/*physiopathology; Energy Metabolism/physiology; Epithelial Cells/metabolism/pathology; Guanylate Cyclase-Coupled; Guanylate Cyclase/genetics/*metabolism; Inbred C57BL; Intestinal Mucosa/metabolism/pathology/physiopathology; Mutant Strains; Neoplastic/metabolism; Paracrine Communication/physiology; Peptide/genetics/*metabolism; Phenotype; Proto-Oncogene Proteins c-akt/genetics/*metabolism; PTEN Phosphohydrolase/metabolism; Receptors; Signal Transduction/*physiology; Tumor","","","","","","","","","","","","","","","","","","","","","","","","","","","","","","","","","","","","","","","","","","","","","","",""
"P89HJM9C","journalArticle","2005","Lleonart, Matilde E; Kirk, Gregory D; Villar, Stephanie; Lesi, Olufunmilayo A; Dasgupta, Abhijit; Goedert, James J; Mendy, Maimuna; Hollstein, Monica C; Montesano, Ruggero; Groopman, John D; Hainaut, Pierre; Friesen, Marlin D","Quantitative analysis of plasma TP53 249Ser-mutated DNA by electrospray ionization mass spectrometry.","Cancer Epidemiology, Biomarkers & Prevention","","","10.1158/1055-9965.EPI-05-0612","https://dx.doi.org/10.1158/1055-9965.EPI-05-0612","A mutation in codon 249 of the TP53 gene (249(Ser)), related to aflatoxin B(1) exposure, has previously been associated with hepatocellular carcinoma risk. Using a novel internal standard plasmid, plasma concentrations of 249(Ser)-mutated DNA were quantified by electrospray ionization mass spectrometry in 89 hepatocellular carcinoma cases, 42 cirrhotic patients, and 131 nonliver diseased control subjects, all from highly aflatoxin-exposed regions of The Gambia. The hepatocellular carcinoma cases had higher median plasma concentrations of 249(Ser) (2,800 copies/mL; interquartile range: 500-11,000) compared with either cirrhotic (500 copies/mL; interquartile range: 500-2,600) or control subjects (500 copies/mL; interquartile range: 500-2,000; P ¡ 0.05). About half (52%) of the hepatocellular carcinoma cases had ¿2,500 copies of 249(Ser)/mL plasma, corresponding to the prevalence of this mutation in liver tumors in The Gambia. In comparison, only 15% of control group and 26% of cirrhotic participants exceeded this level (P ¡ 0.05). Further subset analysis revealed a statistically significant, quantitative relation between diagnosis of hepatocellular carcinoma and levels of 249(Ser) detected at 2,501 to 10,000 copies/mL plasma (odds ratio, 3.8; 95% confidence interval, 1.3-10.9) and at ¿10,000 copies/mL plasma (odds ratio, 62; 95% confidence interval, 4.7-820) when compared with control subjects and after adjusting for age, gender, recruitment site, hepatitis B and C serologic status, and total DNA concentration. Levels of ¿10,000 copies of 249(Ser)/mL plasma were also significantly associated with the diagnosis of hepatocellular carcinoma (odds ratio, 15; 95% confidence interval, 1.6-140) when compared with cirrhotic patients. Potential applications for the quantification of 249(Ser) DNA in plasma include estimation of long-term, cumulative aflatoxin exposure and selection of appropriate high-risk individuals for targeted intervention.","2005-12","2024-05-29 13:43:03","2024-05-29 13:43:03","","2956-62","","","14","","","","","","","","","","","","","","","","","Place: United States tex.owner: abhijit tex.timestamp: 2016.02.06","","","http://dx.doi.org/10.1158/1055-9965.EPI-05-0612","","","","","","","","","","","","","","","","","","","","","","","","","","","","","","","","","","","","","","","","","","","","","","","",""
"E7TIWR6A","journalArticle","2012","Malley, J D; Kruppa, J; Dasgupta, A; Malley, K G; Ziegler, A","Probability machines: consistent probability estimation using nonparametric learning machines.","Methods Of Information In Medicine","","","","","BACKGROUND: Most machine learning approaches only provide a classification for binary responses. However, probabilities are required for risk estimation using individual patient characteristics. It has been shown recently that every statistical learning machine known to be consistent for a nonparametric regression problem is a probability machine that is provably consistent for this estimation problem. OBJECTIVES: The aim of this paper is to show how random forests and nearest neighbors can be used for consistent estimation of individual probabilities. METHODS: Two random forest algorithms and two nearest neighbor algorithms are described in detail for estimation of individual probabilities. We discuss the consistency of random forests, nearest neighbors and other learning machines in detail. We conduct a simulation study to illustrate the validity of the methods. We exemplify the algorithms by analyzing two well-known data sets on the diagnosis of appendicitis and the diagnosis of diabetes in Pima Indians. RESULTS: Simulations demonstrate the validity of the method. With the real data application, we show the accuracy and practicality of this approach. We provide sample code from R packages in which the probability estimation is already available. This means that all calculations can be performed using existing software. CONCLUSIONS: Random forest algorithms as well as nearest neighbor approaches are valid machine learning methods for estimating individual probabilities for binary responses. Freely available implementations are available in R and may be used for applications.","2012","2024-05-29 13:43:03","2024-05-29 13:43:03","","74-81","","","51","","","","","","","","","","","","","","","","","Place: Germany tex.owner: abhijit tex.pmcid: PMC3250568 tex.timestamp: 2016.02.06","","","","Humans; Computer Simulation; Logistic Models; Models; *Artificial Intelligence; *Learning; *Probability; *Statistics; Nonparametric; Statistical; Statistics as Topic/methods","","","","","","","","","","","","","","","","","","","","","","","","","","","","","","","","","","","","","","","","","","","","","","",""
"2NLNNRG3","journalArticle","2008","Marino, Ralph J; Jones, Linda; Kirshblum, Steven; Tal, Joseph; Dasgupta, Abhiijit","Reliability and repeatability of the motor and sensory examination of the international standards for neurological classification of spinal cord injury.","The Journal Of Spinal Cord Medicine","","1079-0268 (Linking)","","","OBJECTIVE: To determine the reliability and repeatability of the motor and sensory examination of the International Standards for Classification of Spinal Cord Injury (SCI) in trained examiners. PARTICIPANTS/METHODS: Sixteen examiners (8 physicians, 8 physical therapists) with clinical SCI experience and 16 patients participated in a reliability study in preparation for a clinical trial involving individuals with acute SCI. After a training session on the standards, each examiner evaluated 3 patients for motor, light touch (LT), and pin prick (PP). The following day, 15 examiners reevaluated one patient. Interrater reliability was determined using intraclass correlation coefficients (1-way, random effects model). Intrarater reliability was determined using a 2-way random effects model. Repeatability was determined using the method of Bland and Altman. RESULTS: Patients were classified as complete tetraplegia (n = 5), incomplete tetraplegia (n = 5), complete paraplegia (n = 5), and incomplete paraplegia (n = 1). Overall, inter-rater reliability was high: motor = 0.97, LT = 0.96, PP = 0.88. Repeatability values were small in patients with complete SCI (motor ¡ 2 points, sensory ¡ 7 points) but large for patients with incomplete SCI. Intra-rater reliability values were ¿ or = 0.98 for patients with complete SCI. CONCLUSIONS: The summed scores for motor, LT, and PP in subjects with complete SCI have high inter-rater reliability and small repeatability values. These measures are appropriately reliable for use in clinical trials involving serial neurological examinations with multiple examiners. Further research in subjects with incomplete SCI is needed to determine whether repeatability is acceptably small.","2008","2024-05-29 13:43:03","2024-05-29 13:43:03","","166-70","","","31","","","","","","","","","","","","","","","","","Place: United States tex.owner: abhijit tex.pmcid: PMC2565479 tex.timestamp: 2016.02.06","","","","","","","","","","","","","","","","","","","","","","","","","","","","","","","","","","","","","","","","","","","","","","","","","","",""
"SV28FPZP","journalArticle","2009","Mercier, Isabelle; Bryant, Kelly G; Sotgia, Federica; Bonuccelli, Gloria; Witkiewicz, Agnieszka K; Dasgupta, Abhijit; Jasmin, Jean-Francois; Pestell, Richard G; Lisanti, Michael P","Using Caveolin-1 epithelial immunostaining patterns to stratify human breast cancer patients and predict the Caveolin-1 (P132L) mutation.","Cell Cycle (Georgetown, Tex.)","","1551-4005 (Linking)","10.4161/cc.8.9.8307","https://dx.doi.org/10.4161/cc.8.9.8307","Caveolin-1 (Cav-1) mutations, such as P132L, are associated with ER-positive human breast cancers. However, no immunohistochemical methods have yet been described to predict the presence of Cav-1 mutations in human breast cancer. Since the P132L mutation acts in a dominant-negative fashion and causes the mis-localization of Cav-1 in cultured cells in vitro, we hypothesized that of patients carrying this mutation would show a similar Cav-1 staining pattern in vivo. Indeed, while performing histological analysis of Cav-1 immunostaining on human breast cancer samples, we noted the emergence of two distinct epithelial staining patterns: (1) punctate peri-nuclear ""Golgi-like"" localization; or (2) diffuse cytoplasmic staining. The punctate peri-nuclear staining pattern was associated with ER-alpha positivity and was present mainly in well-differentiated samples. In striking contrast, the diffuse staining pattern was present in poorly differentiated samples, and was not associated with ER-status. DNA sequence analysis revealed that only well-differentiated samples with a punctate staining pattern harbored the Cav-1 P132L mutation. Thus, immunostaining of Cav-1 can be used as a first step to stratify human breast cancer patients and to predict the presence of Cav-1 mutations. As such, the punctate Cav-1 immunostaining pattern can now be used as a screening tool to select patients for Cav-1 mutational analysis.","2009-05","2024-05-29 13:43:03","2024-05-29 13:43:03","","1396-401","","","8","","","","","","","","","","","","","","","","","Place: United States tex.owner: abhijit tex.timestamp: 2016.02.06","","","http://dx.doi.org/10.4161/cc.8.9.8307","Female; Humans; Amino Acid Substitution/*genetics; Breast Neoplasms/*classification/*metabolism; Caveolin 1/*genetics/*metabolism; Cell Differentiation; Epithelial Cells/*metabolism; Immunohistochemistry; Leucine/genetics; Mutation/*genetics; Proline/genetics; Protein Transport","","","","","","","","","","","","","","","","","","","","","","","","","","","","","","","","","","","","","","","","","","","","","","",""
"G75JDCQI","journalArticle","1999","Murphy, S A; Dasgupta, A; Cain, K C; Johnson, L C; Lohan, J; Wu, L; Mekwa, J","Changes in parents' mental distress after the violent death of an adolescent or young adult child: a longitudinal prospective analysis.","Death Studies","","0748-1187 (Linking)","10.1080/074811899201118","https://dx.doi.org/10.1080/074811899201118","This study examined changes in bereaved parents' mental distress following the violent deaths of their 12- to 28-year-old children. A community-based sample of 171 bereaved mothers and 90 fathers was recruited by a review of medical examiner records. Data were collected 4, 12, and 24 months post-death. Repeated measures analysis of variance showed significant reductions in 8 of 10 measures of mental distress among mothers and 4 of 10 for fathers, with the most change for both genders occurring between 4 and 12 months post-death. During the 2nd year of bereavement, mothers' symptoms continued to decline, whereas fathers, who started out with less distress than mothers, reported slight increases in 5 of 10 symptom domains. Nonetheless, 2 years after the deaths, mothers' mental distress scores were up to 5 times higher than those of ""typical"" U.S. women and fathers' scores were up to 4 times higher than ""typical"" U.S. men. Of the 7 intervening variables examined, higher scores on self-esteem and self-efficacy predicted lower distress for both mothers and fathers 4, 12, and 24 months post-death. Repressive coping was predictive of distress among fathers. It was concluded that violent death bereavement has sustained, distressing consequences on parents of children who die as a result of accidents, homicides, and suicide.","1999-03","2024-05-29 13:43:03","2024-05-29 13:43:03","","129-59","","","23","","","","","","","","","","","","","","","","","Place: UNITED STATES tex.owner: abhijit tex.timestamp: 2016.02.06","","","http://dx.doi.org/10.1080/074811899201118","Female; Humans; Adult; Longitudinal Studies; Male; Prospective Studies; Analysis of Variance; Time Factors; Adolescent; Child; *Adaptation; *Bereavement; *Death; *Violence; Parents/*psychology; Psychological; Sex Distribution; Sudden","","","","","","","","","","","","","","","","","","","","","","","","","","","","","","","","","","","","","","","","","","","","","","",""
"23KQ5HER","journalArticle","1998","Murphy, S A; Johnson, C; Cain, K C; Dasgupta, A; Dimond, M; Lohan, J; Baugher, R","Broad-spectrum group treatment for parents bereaved by the violent deaths of their 12- to 28-year-old children: a randomized controlled trial.","Death Studies","","0748-1187 (Linking)","10.1080/074811898201560","https://dx.doi.org/10.1080/074811898201560","This study assessed the efficacy of a 10-week broad-spectrum intervention offered to bereaved parents about 4 months after the deaths of their 12–28-year-old children due to accidents, homicide, or suicide. For three outcomes of distress there was a significant interaction between treatment and baseline values for each outcome for mothers both immediately posttreatment and 6 months later. The intervention appeared to be the most beneficial for mothers most distressed at baseline. Fathers showed no immediate benefits of treatment. Further research is needed to investigate these unexpected results for fathers and to further characterize those who benefit from similar programs.","1998","2024-05-29 13:43:03","2024-05-29 13:43:03","","209-35","","","22","","","","","","","","","","","","","","","","","Place: UNITED STATES tex.owner: abhijit tex.timestamp: 2016.02.06","","","http://dx.doi.org/10.1080/074811898201560","Female; Humans; Treatment Outcome; Adult; Male; Middle Aged; Cohort Studies; Adolescent; Violence; Child; Psychiatric Status Rating Scales; *Bereavement; *Parents; *Psychotherapy; Group; Sex Factors","","","","","","","","","","","","","","","","","","","","","","","","","","","","","","","","","","","","","","","","","","","","","","",""
"EGUPIWFV","book","2014","Ojeda, T; Murphy, S P; Dasgupta, A; Bengfort, B","Practical data science cookbook","","","","","","","2014","2024-05-29 13:43:03","2024-05-29 13:43:03","","","","","","","","","","","","","Packt Publishing","","","","","","","","","tex.owner: abhijit tex.timestamp: 2016.02.06","","","","","","","","","","","","","","","","","","","","","","","","","","","","","","","","","","","","","","","","","","","","","","","","","","",""
"TVQUI6RJ","journalArticle","2007","Pleger, Sven T; Most, Patrick; Boucher, Matthieu; Soltys, Stephen; Chuprun, J Kurt; Pleger, Wiebke; Gao, Erhe; Dasgupta, Abhijit; Rengo, Giuseppe; Remppis, Andrew; Katus, Hugo A; Eckhart, Andrea D; Rabinowitz, Joseph E; Koch, Walter J","Stable myocardial-specific AAV6-S100A1 gene therapy results in chronic functional heart failure rescue.","Circulation","","0009-7322 (Linking)","10.1161/CIRCULATIONAHA.106.671701","https://dx.doi.org/10.1161/CIRCULATIONAHA.106.671701","BACKGROUND: The incidence of heart failure is ever-growing, and it is urgent to develop improved treatments. An attractive approach is gene therapy; however, the clinical barrier has yet to be broken because of several issues, including the lack of an ideal vector supporting safe and long-term myocardial transgene expression. METHODS AND RESULTS: Here, we show that the use of a recombinant adeno-associated viral (rAAV6) vector containing a novel cardiac-selective enhancer/promoter element can direct stable cardiac expression of a therapeutic transgene, the calcium (Ca2+)-sensing S100A1, in a rat model of heart failure. The chronic heart failure-rescuing properties of myocardial S100A1 expression, the result of improved sarcoplasmic reticulum Ca2+ handling, included improved contractile function and left ventricular remodeling. Adding to the clinical relevance, long-term S100A1 therapy had unique and additive beneficial effects over beta-adrenergic receptor blockade, a current pharmacological heart failure treatment. CONCLUSIONS: These findings demonstrate that stable increased expression of S100A1 in the failing heart can be used for long-term reversal of LV dysfunction and remodeling. Thus, long-term, cardiac-targeted rAAV6-S100A1 gene therapy may be of potential clinical utility in human heart failure.","2007-05","2024-05-29 13:43:03","2024-05-29 13:43:03","","2506-15","","","115","","","","","","","","","","","","","","","","","Place: United States tex.owner: abhijit tex.timestamp: 2016.02.06","","","http://dx.doi.org/10.1161/CIRCULATIONAHA.106.671701","Humans; Animals; Genetic; Promoter Regions; Mice; Inbred C57BL; *Genetic Therapy; Actins/genetics; Binding Sites; Calcium Signaling; Cardiomegaly/prevention \& control; Dependovirus/genetics; Enhancer Elements; Genes; Genetic Vectors/genetics/therapeutic use; Green Fluorescent Proteins/genetics; Heart Failure/etiology/physiopathology/*therapy; Heart Function Tests; Lac Operon; Myocardial Contraction; Myocardial Infarction/complications; Organ Specificity; Rats; Recombinant Fusion Proteins/physiology; Reporter; S100 Proteins/genetics/*physiology","","","","","","","","","","","","","","","","","","","","","","","","","","","","","","","","","","","","","","","","","","","","","","",""
"GY853NUC","journalArticle","2014","Sansbury, Brittany; Dasgupta, Abhijit; Guthrie, Lori; Ward, Michael","Time perspective and medication adherence among individuals with hypertension or diabetes mellitus.","Patient Education And Counseling","","0738-3991 (Linking)","10.1016/j.pec.2013.12.016","https://dx.doi.org/10.1016/j.pec.2013.12.016","OBJECTIVE: The study determined if time perspective was associated with medication adherence among people with hypertension and diabetes. METHODS: Using the Health Beliefs Model, we used path analysis to test direct and indirect effects of time perspective and health beliefs on adherence among 178 people who participated in a community-based survey near Washington, D.C. We measured three time perspectives (future, present fatalistic, and present hedonistic) with the Zimbardo Time Perspective Inventory and medication adherence by self-report. RESULTS: The total model demonstrated a good fit (RMSEA=0.17, 90% CI [0.10, 0.28], p=0.003; comparative fit index=0.91). Future time perspective and age showed direct effects on increased medication adherence; an increase by a single unit in future time perspective was associated with a 0.32 standard deviation increase in reported adherence. There were no significant indirect effects of time perspective with reported medication adherence through health beliefs. CONCLUSION: The findings provide the first evidence that time perspective plays an under-recognized role as a psychological motivator in medication adherence. PRACTICE IMPLICATIONS: Patient counseling for medication adherence may be enhanced if clinicians incorporate consideration of the patient's time perspective.","2014-04","2024-05-29 13:43:03","2024-05-29 13:43:03","","104-10","","","95","","","","","","","","","","","","","","","","","Place: Ireland tex.owner: abhijit tex.pmcid: PMC3968538 tex.timestamp: 2016.02.06","","","http://dx.doi.org/10.1016/j.pec.2013.12.016","Female; Humans; Adult; Male; Middle Aged; Time Factors; Surveys and Questionnaires; Adolescent; *Health Knowledge; Antihypertensive Agents/therapeutic use; Attitudes; Diabetes Mellitus; District of Columbia; Hypertension/drug therapy/*psychology; Hypoglycemic Agents/therapeutic use; Maryland; Medication adherence; Medication Adherence/*psychology; Patient education; Practice; Self Report; Time perspective; Type 2/drug therapy/*psychology; West Virginia","","","","","","","","","","","","","","","","","","","","","","","","","","","","","","","","","","","","","","","","","","","","","","",""
"3YTKYTB4","journalArticle","2004","Santos, C L; Torres, J; Sanchez, J; Dasgupta, A; Jeronimo, J","Lack of effectiveness of CO2 cryotherapy for treatment of CIN.","International Journal Of Gynaecology And Obstetrics","","0020-7292 (Linking)","10.1016/j.ijgo.2004.06.014","https://dx.doi.org/10.1016/j.ijgo.2004.06.014","","2004-10","2024-05-29 13:43:03","2024-05-29 13:43:03","","44-5","","","87","","","","","","","","","","","","","","","","","Place: Ireland tex.owner: abhijit tex.timestamp: 2016.02.06","","","http://dx.doi.org/10.1016/j.ijgo.2004.06.014","Female; Humans; Treatment Outcome; Adult; Prospective Studies; Carbon Dioxide; Cervical Intraepithelial Neoplasia/pathology/*therapy; Cryotherapy/*methods; Necrosis","","","","","","","","","","","","","","","","","","","","","","","","","","","","","","","","","","","","","","","","","","","","","","",""
"IAJKGPDJ","journalArticle","2005","Schiffman, Mark; Wheeler, Cosette M; Dasgupta, Abhijit; Solomon, Diane; Castle, Philip E","A comparison of a prototype PCR assay and hybrid capture 2 for detection of carcinogenic human papillomavirus DNA in women with equivocal or mildly abnormal papanicolaou smears.","American Journal Of Clinical Pathology","","0002-9173 (Linking)","10.1309/E067-X0L1-U3CY-37NW","https://dx.doi.org/10.1309/E067-X0L1-U3CY-37NW","We evaluated Hybrid Capture 2 (HC2) and polymerase chain reaction (PCR) results for paired specimens collected at 19,187 visits from 5,026 of 5,060 women participating in the Atypical Squamous Cells of Undetermined Significance/Low-Grade Squamous Intraepithelial Lesion Triage Study (ALTS). We examined the test agreement between HC2 and PCR detection for any of 13 carcinogenic human papillomavirus types targeted by HC2 and compared clinical performance of the 2 tests for detecting concurrent and follow-up cervical intraepithelial neoplasia (CIN) 3 or cancer. The k value for the 2 assays was 0.65 (95% confidence interval, 0.64-0.66), with 82.7% crude agreement. HC2 was more sensitive (93.6% vs 89.3%; P ¡ .0005) but less specific (41.2% vs 48.5%; P ¡ .0005) than PCR for detecting 2-year cumulative CIN 3 or cancer (n = 503). The presence of multiple types as detected by PCR and/or cytologic abnormality increased the likelihood of an HC2+ result. Increased sensitivity of HC2 compared with PCR was surprising, given the theoretical advantages of PCR-based methods for analytic sensitivity. Smaller amounts of material used in PCR could have limited its sensitivity, but our results demonstrate the importance of optimization and standardization of PCR-based assays for clinical applications.","2005-11","2024-05-29 13:43:03","2024-05-29 13:43:03","","722-32","","","124","","","","","","","","","","","","","","","","","Place: United States tex.owner: abhijit tex.timestamp: 2016.02.06","","","http://dx.doi.org/10.1309/E067-X0L1-U3CY-37NW","Female; Humans; Adult; Aged; Middle Aged; Adolescent; *Papanicolaou Test; *Vaginal Smears; 80 and over; Cervical Intraepithelial Neoplasia/*diagnosis; DNA; Papillomaviridae/genetics/*isolation \& purification; Papillomavirus Infections/*diagnosis; Polymerase Chain Reaction/*methods; Uterine Cervical Neoplasms/*diagnosis; Viral/*analysis","","","","","","","","","","","","","","","","","","","","","","","","","","","","","","","","","","","","","","","","","","","","","","",""
"42CKDYQ3","journalArticle","2008","Schwartz, Gordon F; Krill, Lauren S; Palazzo, Juan P; Dasgupta, Abhijit","Value of intraoperative examination of axillary sentinel nodes in carcinoma of the breast.","Journal of the American College of Surgeons","","1072-7515 (Linking)","10.1016/j.jamcollsurg.2008.06.341","https://dx.doi.org/10.1016/j.jamcollsurg.2008.06.341","BACKGROUND: The value of frozen sections in the intraoperative examination of sentinel nodes (SN) remains controversial. Accurate frozen sections will spare those patients with node metastasis from a second procedure to complete the axillary dissection. We examined our own experience with intraoperative examination of SN. STUDY DESIGN: Between January 1, 2006, and December 31, 2006, we performed 236 sentinel lymph node biopsy procedures that were read as ""frozen-section-negative."" An additional 47 sentinel lymph node biopsy patients were frozen-section-positive for metastatic disease and underwent immediate completion axillary dissection. At least 1 SN was found in all 283 women (100%). The number of patients with false-negative frozen sections was tallied; patient data were reviewed for a number of variables to see which factors might be associated with a false-negative result. RESULTS: Eleven patients had positive nodes on subsequent examination of the formalin-fixed, hematoxylin and eosin-stained slides; the false-negative rate of intraoperative frozen section was 4.7%. The sensitivity of the negative frozen section was ¿ 95%. The following variables were compared for significance: pathologist, nuclear grade, histologic grade, margins, lymphovascular invasion, tumor type (ductal versus lobular), and estrogen receptor and progesterone receptor values. The only significant variables were lymphovascular invasion (p = 0.019) and presence of in situ ductal carcinoma (p = 0.001). CONCLUSIONS: Our data confirm the value of intraoperative examination of SN: ¿ 95% sensitivity. Presence of in situ ductal carcinoma or lymphovascular invasion makes these tumors more likely than others to have micrometastases to SN overlooked.","2008-11","2024-05-29 13:43:03","2024-05-29 13:43:03","","758-62","","","207","","","","","","","","","","","","","","","","","Place: United States tex.owner: abhijit tex.timestamp: 2016.02.06","","","http://dx.doi.org/10.1016/j.jamcollsurg.2008.06.341","Female; Humans; Adult; Aged; Middle Aged; Predictive Value of Tests; Cohort Studies; Retrospective Studies; 80 and over; *Frozen Sections; *Sentinel Lymph Node Biopsy; Axilla; Breast Neoplasms/*pathology/*surgery; Carcinoma/*secondary/*surgery; False Negative Reactions","","","","","","","","","","","","","","","","","","","","","","","","","","","","","","","","","","","","","","","","","","","","","","",""
"QJAY4ADQ","journalArticle","2007","Sherman, Mark E; Dasgupta, Abhijit; Schiffman, Mark; Nayar, Ritu; Solomon, Diane","The bethesda interobserver reproducibility study (BIRST): a web-based assessment of the bethesda 2001 system for classifying cervical cytology.","Cancer","","0008-543X (Linking)","10.1002/cncr.22423","https://dx.doi.org/10.1002/cncr.22423","BACKGROUND: The Bethesda System (TBS) along with its companion atlas was updated in 2001 to improve standardization, clarity, and reproducibility of cervical cytology reporting. METHODS: The authors used a novel web-based format to compare assessments of 77 images demonstrating a range of classical and borderline cytologic changes by a self-selected group of United States cytotechnologists (n = 216) and pathologists (n = 185). RESULTS: Participants were highly experienced, with 71.2% of cytotechnologists and 53.0% of pathologists reporting ¿10 years of practice. The mean percentage of exact agreement with the panel was slightly though significantly higher for cytotechnologists (57.0%) compared with pathologists (53.4%), adjusted for experience (P = .004); cervical cytology percentage effort (P = .0005); or cervical accession volume (P = .0002). Compared with the TBS panel, exact agreement was achieved for 55.1% of image ratings compared with 82.3% agreement at the level of Negative vs non-Negative for images with a single-panel interpretation. Agreement with the panel was highest for images classified as Low-Grade Squamous Intraepithelial Lesion and lowest for Atypical Squamous Cells qualified as either of Undetermined Significance or Cannot Exclude a High-Grade Squamous Intraepithelial Lesion. Reviewers were less sensitive in identifying high-grade glandular lesions than they were in identifying high-grade squamous lesions at any threshold (P ¡ .001). CONCLUSIONS: Morphologic appearances of images were more important determinants than participants' academic or professional degrees with regard to interobserver reproducibility in classifying cervical cytology images. Experienced cytotechnologists and pathologists performed similarly. Participants achieved higher sensitivity for identifying high-grade squamous lesions than they did for high-grade glandular lesions. These findings demonstrated that web-based studies may be useful in assessing interobserver agreement in classifying images.","2007-02","2024-05-29 13:43:03","2024-05-29 13:43:03","","15-25","","","111","","","","","","","","","","","","","","","","","Place: United States tex.owner: abhijit tex.timestamp: 2016.02.06","","","http://dx.doi.org/10.1002/cncr.22423","Female; Humans; Neoplasms; Reproducibility of Results; Sensitivity and Specificity; *Internet; Adenocarcinoma/classification/diagnosis/pathology; Anatomy; Artistic; Medical Illustration; Observer Variation; Pathology/methods/standards; Squamous Cell/classification/diagnosis/pathology; Uterine Cervical Neoplasms/*classification/diagnosis/*pathology","","","","","","","","","","","","","","","","","","","","","","","","","","","","","","","","","","","","","","","","","","","","","","",""
"2NENSJJQ","journalArticle","2007","Tang, Z; Diamond, M A; Chen, J-M; Holly, T A; Bonow, R O; Dasgupta, A; Hyslop, T; Purzycki, A; Wagner, J; McNamara, D M; Kukulski, T; Wos, S; Velazquez, E J; Ardlie, K; Feldman, A M","Polymorphisms in adenosine receptor genes are associated with infarct size in patients with ischemic cardiomyopathy.","Clinical Pharmacology And Therapeutics","","0009-9236 (Linking)","10.1038/sj.clpt.6100331","https://dx.doi.org/10.1038/sj.clpt.6100331","The goal of this experiment was to identify the presence of genetic variants in the adenosine receptor genes and assess their relationship to infarct size in a population of patients with ischemic cardiomyopathy. Adenosine receptors play an important role in protecting the heart during ischemia and in mediating the effects of ischemic preconditioning. We sequenced DNA samples from 273 individuals with ischemic cardiomyopathy and from 203 normal controls to identify the presence of genetic variants in the adenosine receptor genes. Subsequently, we analyzed the relationship between the identified genetic variants and infarct size, left ventricular size, and left ventricular function. Three variants in the 3'-untranslated region of the A(1)-adenosine gene (nt 1689 C/A, nt 2206 Tdel, nt 2683del36) and an informative polymorphism in the coding region of the A3-adenosine gene (nt 1509 A/C I248L) were associated with changes in infarct size. These results suggest that genetic variants in the adenosine receptor genes may predict the heart's response to ischemia or injury and might also influence an individual's response to adenosine therapy.","2007-10","2024-05-29 13:43:03","2024-05-29 13:43:03","","435-40","","","82","","","","","","","","","","","","","","","","","Place: United States tex.owner: abhijit tex.timestamp: 2016.02.06","","","http://dx.doi.org/10.1038/sj.clpt.6100331","Humans; Risk Factors; Severity of Illness Index; Phenotype; *Mutation; *Polymorphism; 3' Untranslated Regions; Adenosine A1/*genetics; Adenosine A2A/genetics; Adenosine A3/*genetics; Base Sequence; Cardiomyopathies/*complications/genetics/pathology/physiopathology; Case-Control Studies; DNA Mutational Analysis; Gene Frequency; Genetic Predisposition to Disease; Heart Ventricles/pathology; Left/genetics; Molecular Sequence Data; Myocardial Infarction/*genetics/pathology/physiopathology; Myocardial Ischemia/*complications/genetics/pathology/physiopathology; Receptor; Single Nucleotide; Ventricular Function","","","","","","","","","","","","","","","","","","","","","","","","","","","","","","","","","","","","","","","","","","","","","","",""
"7U6VUWJS","journalArticle","2011","Tektonidou, Maria G; Dasgupta, Abhijit; Ward, Michael M","Suicidal ideation among adults with arthritis: prevalence and subgroups at highest risk. Data from the 2007-2008 National Health and Nutrition Examination Survey.","Arthritis Care & Research","","2151-464X (Linking)","","","OBJECTIVE: To evaluate the prevalence, correlates, and subgroups at highest risk for suicidal ideation among adults with arthritis. METHODS: We used data on US adults with arthritis, ages ¿/=40 years, participating in the 2007-2008 National Health and Nutrition Examination Survey. Suicidal ideation was assessed by item 9 of the Patient Health Questionnaire 9 (PHQ-9). Sociodemographic factors, health behaviors, and comorbid conditions were examined as potential correlates. Depression was measured by the PHQ-8 score (range 1-24). We used random forests to identify subgroups at highest risk for suicidal ideation. To determine if any correlates were unique to arthritis, we compared results to those for persons with diabetes mellitus and cancer. RESULTS: The prevalence +/- SEM of suicidal ideation was 5.6% +/- 0.8% among persons with arthritis and 2.4% +/- 0.4% among those without. The most important correlates for suicidal ideation in adults with arthritis were depression, anxiety, duration of arthritis, age, income:poverty ratio, number of close friends, pain, alcohol, excessive daytime sleepiness, and comorbidities. Eleven of the 16 most important contributors for suicidal ideation among adults with arthritis were also important for people with diabetes mellitus and cancer. Among persons with arthritis, subgroups at highest risk for suicidal ideation were those with a PHQ-8 score between 18 and 24 and less than 4.5 years of arthritis (96.5%), and those with a PHQ-8 score between 7 and 17, ¿/=1.24 days of binges/month, and either an income of ¿/=45,000/year(85.4%)oranincomeof<45,000/year and ¿3 comorbidities (70.8%). CONCLUSION: Depression, short duration of arthritis, binge drinking, income, and ¿3 comorbidities identified subgroups of adults with arthritis at greatest risk for suicidal ideation.","2011-09","2024-05-29 13:43:03","2024-05-29 13:43:03","","1322-33","","","63","","","","","","","","","","","","","","","","","Place: United States tex.owner: abhijit tex.timestamp: 2016.02.06","","","","Female; Humans; Aged; Male; Middle Aged; Risk Assessment; Time Factors; Risk Factors; Surveys and Questionnaires; *Suicidal Ideation; Alcohol Drinking/epidemiology/psychology; Arthritis/*epidemiology/*psychology; Comorbidity; Cross-Sectional Studies; Depression/epidemiology/psychology; Diabetes Mellitus/epidemiology/psychology; Health Surveys; Income; Neoplasms/epidemiology/psychology; Prevalence; United States","","","","","","","","","","","","","","","","","","","","","","","","","","","","","","","","","","","","","","","","","","","","","","",""
"79VRQZ3X","journalArticle","2014","Tektonidou, M. G.; Dasgupta, A; Ward, M. M.","Methodological quality of studies of end-stage renal disease risks in lupus nephritis","Arthritis Research & Therapy","","","10.1186/ar4663","http://dx.doi.org/10.1186/ar4663","","2014","2024-05-29 13:43:03","2024-05-29 13:43:03","","A47","","Suppl 1","16 (Suppl 1)","","","","","","","","Springer Nature","","","","","","","","","tex.owner: abhijit tex.timestamp: 2016.02.06","","","","","","","","","","","","","","","","","","","","","","","","","","","","","","","","","","","","","","","","","","","","","","","","","","",""
"5KPSU7NQ","journalArticle","2015","Tektonidou, Maria G; Wang, Zhong; Dasgupta, Abhijit; Ward, Michael M","Burden of serious infections in adults with systemic lupus erythematosus: a national population-based study, 1996-2011.","Arthritis Care & Research","","","","","OBJECTIVE: To compare rates of hospitalization for serious infections, trends in rates from 1996 to 2011, and in-hospital mortality between patients with systemic lupus erythematosus (SLE) and those without SLE in a national sample. METHODS: We analyzed hospitalizations for pneumonia, bacteremia/sepsis, urinary tract infections, skin infections, and opportunistic infections among adults in the Nationwide Inpatient Sample. We compared rates of hospitalization yearly among patients with SLE and the general population. We also computed odds ratios (ORs) for in-hospital mortality. RESULTS: In 1996, the estimated number of hospitalizations for pneumonia in patients with SLE was 4,382, followed by sepsis (2,305), skin infections (1,422), urinary tract infections (643), and opportunistic infections (370). Rates were much higher in patients with SLE than in those without SLE, with age-adjusted relative risks ranging from 5.7 (95% confidence interval [95% CI] 5.5-6.0) for pneumonia to 9.8 (95% CI 9.1-10.7) for urinary tract infection in 1996. Risks increased over time, so that by 2011, all relative risks exceeded 12.0. Overall risk of in-hospital mortality was higher in SLE only for opportunistic infections (adjusted OR 1.52 [95% CI 1.12-2.07]). However, in pneumonia and sepsis, mortality risks were higher in SLE among those who required mechanical ventilation. CONCLUSION: Hospitalization rates for serious infections in SLE increased substantially between 1996 and 2011, reaching over 12 times higher than in patients without SLE in 2011. Reasons for this acceleration are unclear. In-hospital mortality was higher among patients with SLE and opportunistic infections and those with pneumonia or sepsis who required mechanical ventilation.","2015-08","2024-05-29 13:43:03","2024-05-29 13:43:03","","1078-85","","","67","","","","","","","","","","","","","","","","","Place: United States tex.owner: abhijit tex.timestamp: 2016.02.06","","","","","","","","","","","","","","","","","","","","","","","","","","","","","","","","","","","","","","","","","","","","","","","","","","",""
"S2XR75XL","journalArticle","2010","Toll, Adam D; Dasgupta, Abhijit; Potoczek, Magdalena; Yeo, Charles J; Kleer, Celina G; Brody, Jonathan R; Witkiewicz, Agnieszka K","Implications of enhancer of zeste homologue 2 expression in pancreatic ductal adenocarcinoma.","Human Pathology","","0046-8177 (Linking)","","","Pancreatic ductal adenocarcinoma is the fourth leading cause of cancer deaths in the United States. Single-agent gemcitabine remains the standard treatment of advanced pancreatic adenocarcinoma. A recently discovered histone methyltransferase termed enhancer of zeste homologue 2 (EZH2) was found to be overexpressed in a variety of carcinomas including pancreatic adenocarcinoma. Silencing of E-cadherin was proposed as a mechanism by which enhancer of zeste homologue 2 mediates tumor aggressiveness, and enhancer of zeste homologue 2 depletion has been found to sensitize pancreatic cancer cells to gemcitabine. In this study, we correlated enhancer of zeste homologue 2 with E-cadherin expression in pancreatic adenocarcinoma and evaluated response to gemcitabine in relation to enhancer of zeste homologue 2 expression in tumor cells. Fifty-four pancreatic adenocarcinomas, 13 intraductal papillary mucinous neoplasms, and 6 chronic pancreatitis cases were stained with antibodies against enhancer of zeste homologue 2 and E-cadherin. Enhancer of zeste homologue 2 staining was scored from 1 to 4+ and classified as either low (1-2+ in ¡25% of tumor nuclei) or high (3-4+ in ¿25% of tumor nuclei). E-cadherin expression was scored on membrane positivity as follows: 0 (0%-10%), 1 (10%-25%), 2 (25%-75%), and 3 (¿75%). High enhancer of zeste homologue 2 expression in pancreatic adenocarcinoma was significantly associated with decreased E-cadherin expression and more aggressive disease. There was significantly longer survival in gemcitabine-treated patients with low versus high enhancer of zeste homologue 2 expression. High enhancer of zeste homologue 2 expression was detected in intraductal papillary mucinous neoplasms with moderate to severe dysplasia, but not in chronic pancreatitis. Our study suggests that E-cadherin down-regulation may lead to enhancer of zeste homologue 2-mediated invasion and metastasis.","2010-09","2024-05-29 13:43:03","2024-05-29 13:43:03","","1205-9","","","41","","","","","","","","","","","","","","","","","Place: United States tex.owner: abhijit tex.timestamp: 2016.02.06","","","","Female; Humans; Aged; Male; Middle Aged; Survival Rate; Antineoplastic Combined Chemotherapy Protocols; Biomarkers; Antimetabolites; Antineoplastic/therapeutic use; Carcinoma; Cadherins/genetics/metabolism; Chronic/metabolism/pathology; Combined Modality Therapy; Deoxycytidine/analogs \& derivatives/therapeutic use; DNA-Binding Proteins/*metabolism; Gene Silencing; Neoplasm; Pancreatectomy; Pancreatic Ductal/*metabolism/mortality/secondary/therapy; Pancreatic Neoplasms/*metabolism/mortality/pathology/therapy; Pancreatitis; Pennsylvania/epidemiology; Polycomb Repressive Complex 2; Residual; Transcription Factors/*metabolism; Tumor/metabolism","","","","","","","","","","","","","","","","","","","","","","","","","","","","","","","","","","","","","","","","","","","","","","",""
"KTCET4K9","journalArticle","2005","Wang, Sophia S; Dasgupta, Abhijit; Sherman, Mark E; Walker, Joan L; Gold, Michael A; Zuna, Rosemary; Sakoda, Lori; Wacholder, Sholom; Schiffman, Mark; Baker, Carl C","Towards improved biomarker studies of cervical neoplasia: effects of precolposcopic procedures on gene expression patterns.","Diagnostic Molecular Pathology : The American Journal Of Surgical Pathology, Part B","","1052-9551 (Linking)","","","Among tumor sites, cervical cancer offers an ideal model for investigating differences in gene expression associated with transitions from normal to precancer and invasion to cancer. To evaluate the validity of assessing gene expression in cervical tissues acquired in a clinical setting, we investigated whether standard procedures, namely the application of acetic acid and/or Lugol's iodine, employed for the visualization of colposcopically directed biopsies, altered patterns in oligonucleotide (oligo) arrays. We compared microarray profiles from six women, each with three adjacent tissue samples removed from benign hysterectomy specimens and treated as follows: immediately frozen, acetic acid application only, acetic acid, and Lugol's iodine. Of the 22,464 original spots on the microarray, 4,850 spots were expressed at detectable levels for further evaluation upon data normalization and filtration. For each spot, the difference between topical applications was computed, and P values were calculated using a bivariate T2 test. Upon adjustment for multiple comparisons using both the Holm's and Hochberg's procedures as well as the False Discovery Rate (Benjamini-Hochberg and Benjamini-Yeuketili [BY]), we failed to identify genes differentially expressed and conclude that standard precolposcopic procedures do not substantially affect the overall gene expression patterns in the normal cervix.","2005-06","2024-05-29 13:43:03","2024-05-29 13:43:03","","59-64","","","14","","","","","","","","","","","","","","","","","Place: United States tex.owner: abhijit tex.timestamp: 2016.02.06","","","","Female; Humans; Biopsy; Biomarkers; *Gene Expression Profiling; *Colposcopy; Artifacts; Cervix Uteri/*metabolism/pathology; Oligonucleotide Array Sequence Analysis; Tumor/*genetics/*standards; Uterine Cervical Neoplasms/*diagnosis/pathology","","","","","","","","","","","","","","","","","","","","","","","","","","","","","","","","","","","","","","","","","","","","","","",""
"2XXNEUBQ","journalArticle","2015","Ward, Michael M; Dasgupta, Abhijit; Wang, Runsheng","Response to: 'Heterogeneity, consistency and model fit should be assessed in Bayesian network meta-analysis' by Wei et al.","Annals of the Rheumatic Diseases","","0003-4967 (Linking)","10.1136/annrheumdis-2015-208670","http://dx.doi.org/10.1136/annrheumdis-2015-208670","","2015-11","2024-05-29 13:43:03","2024-05-29 13:43:03","","e6","","1","75","","","","","","","","BMJ","","","","","","","","","Place: England tex.owner: abhijit tex.pmcid: PMC5075426 tex.timestamp: 2016.02.06","","","","Treatment; Disease Activity; Patient perspective","","","","","","","","","","","","","","","","","","","","","","","","","","","","","","","","","","","","","","","","","","","","","","",""
"7F2GXRBV","journalArticle","2016","Wasko, Mary Chester; Dasgupta, Abhijit; Ilse Sears, Genevieve; Fries, James F; Ward, Michael M","Prednisone use and risk of mortality in patients with rheumatoid arthritis: Moderation by use of disease-modifying anti-rheumatic drugs.","Arthritis Care & Research","","2151-464X (Linking)","10.1002/acr.22722","https://dx.doi.org/10.1002/acr.22722","OBJECTIVE: Medications for rheumatoid arthritis (RA) may affect survival. However, studies often include limited follow-up and do not account for selection bias in treatment allocation. Using a large longitudinal database, we examined the association between prednisone use and mortality in RA, and whether this risk was modified with concomitant disease-modifying antirheumatic drug (DMARD) use, after controlling for propensity for treatment with prednisone and individual DMARDs. METHODS: In a prospective study of 5,626 patients with RA followed for up to 25 years, we determined the risk of death associated with prednisone use alone and combined treatment of prednisone with methotrexate or sulfasalazine. We used the random forest method to generate propensity scores for prednisone use and each DMARD at study entry and during follow-up. Mortality risks were estimated using multivariate Cox models that included propensity scores. RESULTS: During follow-up (median 4.97 years), 666 patients (11.8%) died. In a multivariate, propensity-adjusted model, prednisone use was associated with an increased risk of death (HR 2.83 [95% CI 1.03, 7.76]). However, there was a significant interaction between prednisone use and methotrexate use (p=0.03), so that risk was attenuated when patients were treated with both medications (HR 0.99 [95% CI 0.18, 5.36]). However, combination treatment also weakened the protective association of methotrexate with mortality. Results were similar for sulfasalazine. CONCLUSION: Prednisone use was associated with a significantly increased risk of mortality in patients with RA. This association was mitigated by concomitant DMARD use, but combined treatment also negated the previously reported beneficial association of methotrexate with survival in RA. This article is protected by copyright. All rights reserved.","2016-05","2024-05-29 13:43:03","2024-05-29 13:43:03","","706–10","","5","68","","","","","","","","","","","","","","","","","tex.owner: abhijit tex.timestamp: 2016.02.06","","","http://dx.doi.org/10.1002/acr.22722","","","","","","","","","","","","","","","","","","","","","","","","","","","","","","","","","","","","","","","","","","","","","","","",""
"4VREELDW","journalArticle","2013","Wasko, Mary Chester M; Dasgupta, Abhijit; Hubert, Helen; Fries, James F; Ward, Michael M","Propensity-adjusted association of methotrexate with overall survival in rheumatoid arthritis.","Arthritis and Rheumatism","","0004-3591 (Linking)","10.1002/art.37723","https://dx.doi.org/10.1002/art.37723","OBJECTIVE: While medications used to treat rheumatoid arthritis (RA) may affect survival in RA, few studies take into account the propensity for medication use, which may reflect selection bias in treatment allocation in survival models. We undertook this study to examine the relationship between methotrexate (MTX) use and mortality in RA, after controlling for individual propensity scores for MTX use. METHODS: We studied 5,626 RA patients prospectively for 25 years to determine the risk of death associated with MTX use, modeled in time-varying Cox regression models. We used the random forest method to generate individual propensity scores for MTX use at study entry and during followup in a time-varying manner; these scores were included in the multivariate model. We also investigated whether selective discontinuation of MTX immediately prior to death altered the risk of mortality, and we examined the association of duration of MTX use with survival. RESULTS: During followup, 666 patients (12%) died. MTX use was associated with reduced risk of death (adjusted hazard ratio 0.30 [95% confidence interval 0.09-1.03]). Selective MTX cessation immediately before death did not account for the protective association of MTX use with mortality. Only MTX use for ¿1 year was associated with lower risks of mortality, but associations were not stronger with longer durations of use. CONCLUSION: MTX use was associated with a 70% reduction in mortality in RA.","2013-02","2024-05-29 13:43:03","2024-05-29 13:43:03","","334-42","","","65","","","","","","","","","","","","","","","","","Place: United States tex.owner: abhijit tex.timestamp: 2016.02.06","","","http://dx.doi.org/10.1002/art.37723","Female; Humans; Treatment Outcome; Adult; Aged; Male; Middle Aged; Prospective Studies; Time Factors; Surveys and Questionnaires; Follow-Up Studies; Antirheumatic Agents/*therapeutic use; Arthritis; Methotrexate/*therapeutic use; Rheumatoid/drug therapy/*mortality","","","","","","","","","","","","","","","","","","","","","","","","","","","","","","","","","","","","","","","","","","","","","","",""
"7DFMMSW9","journalArticle","2010","Williams, Timothy K; Costantino, Christina L; Bildzukewicz, Nikolai A; Richards, Nathan G; Rittenhouse, David W; Einstein, Lisa; Cozzitorto, Joseph A; Keen, Judith C; Dasgupta, Abhijit; Gorospe, Myriam; Gonye, Gregory E; Yeo, Charles J; Witkiewicz, Agnieszka K; Brody, Jonathan R","pp32 (ANP32A) expression inhibits pancreatic cancer cell growth and induces gemcitabine resistance by disrupting HuR binding to mRNAs.","PloS One","","1932-6203 (Linking)","10.1371/journal.pone.0015455","https://dx.doi.org/10.1371/journal.pone.0015455","The expression of protein phosphatase 32 (PP32, ANP32A) is low in poorly differentiated pancreatic cancers and is linked to the levels of HuR (ELAV1), a predictive marker for gemcitabine response. In pancreatic cancer cells, exogenous overexpression of pp32 inhibited cell growth, supporting its long-recognized role as a tumor suppressor in pancreatic cancer. In chemotherapeutic sensitivity screening assays, cells overexpressing pp32 were selectively resistant to the nucleoside analogs gemcitabine and cytarabine (ARA-C), but were sensitized to 5-fluorouracil; conversely, silencing pp32 in pancreatic cancer cells enhanced gemcitabine sensitivity. The cytoplasmic levels of pp32 increased after cancer cells are treated with certain stressors, including gemcitabine. pp32 overexpression reduced the association of HuR with the mRNA encoding the gemcitabine-metabolizing enzyme deoxycytidine kinase (dCK), causing a significant reduction in dCK protein levels. Similarly, ectopic pp32 expression caused a reduction in HuR binding of mRNAs encoding tumor-promoting proteins (e.g., VEGF and HuR), while silencing pp32 dramatically enhanced the binding of these mRNA targets. Low pp32 nuclear expression correlated with high-grade tumors and the presence of lymph node metastasis, as compared to patients' tumors with high nuclear pp32 expression. Although pp32 expression levels did not enhance the predictive power of cytoplasmic HuR status, nuclear pp32 levels and cytoplasmic HuR levels associated significantly in patient samples. Thus, we provide novel evidence that the tumor suppressor function of pp32 can be attributed to its ability to disrupt HuR binding to target mRNAs encoding key proteins for cancer cell survival and drug efficacy.","2010","2024-05-29 13:43:03","2024-05-29 13:43:03","","e15455","","","5","","","","","","","","","","","","","","","","","Place: United States tex.owner: abhijit tex.timestamp: 2016.02.06","","","http://dx.doi.org/10.1371/journal.pone.0015455","Humans; Blotting; Western; Antigens; Antimetabolites; ELAV Proteins; ELAV-Like Protein 1; RNA; Cell Line; Tumor; *Cell Proliferation; Antineoplastic/pharmacology; Deoxycytidine Kinase/genetics/metabolism; Deoxycytidine/*analogs \& derivatives/pharmacology; Drug Resistance/genetics; HEK293 Cells; Messenger/genetics/*metabolism; Pancreatic Neoplasms/genetics/metabolism/pathology; Protein Binding; Reverse Transcriptase Polymerase Chain Reaction; RNA Interference; RNA-Binding Proteins/genetics/*metabolism; Surface/genetics/*metabolism","","","","","","","","","","","","","","","","","","","","","","","","","","","","","","","","","","","","","","","","","","","","","","",""
"A3JHVJPH","journalArticle","2009","Witkiewicz, Agnieszka K; Casimiro, Mathew C; Dasgupta, Abhijit; Mercier, Isabelle; Wang, Chenguang; Bonuccelli, Gloria; Jasmin, Jean-Francois; Frank, Philippe G; Pestell, Richard G; Kleer, Celina G; Sotgia, Federica; Lisanti, Michael P","Towards a new ""stromal-based"" classification system for human breast cancer prognosis and therapy.","Cell Cycle (Georgetown, Tex.)","","1551-4005 (Linking)","","","Here, we discuss recent evidence that an absence of stromal Cav-1 expression in human breast cancers is a powerful single independent predictor of early disease recurrence, metastasis and poor clinical outcome. These findings have now been validated in two independent patient populations. Importantly, the predictive value of stromal Cav-1 is independent of epithelial marker status, making stromal Cav-1 a new ""universal"" or ""widely-applicable"" breast cancer prognostic marker. We propose based on the expression of stromal Cav-1, that breast cancer patients could be stratified into high-risk and low-risk groups. High-risk patients showing an absence of stromal Cav-1 should be offered more aggressive therapies, such as anti-angiogenic approaches, in addition to the standard therapy regimens. Mechanistically, loss of stromal Cav-1 is a surrogate biomarker for increased cell cycle progression, growth factor secretion, ""stemness"", and angiogenic potential in the tumor microenvironment. Since almost all cancers develop within the context of a stromal microenvironment, this new stromal classification system may be broadly applicable to other epithelial and non-epithelial cancer subtypes, as well as ""pre-malignant"" lesions (carcinoma in situ).","2009-06","2020-09-16 18:36:18","2025-03-25 02:43:58","","1654-8","","","8","","","","","","","","","","","","","","","","","Place: United States tex.owner: abhijit tex.timestamp: 2016.02.06","","/Users/ksrd721/Zotero/storage/TB888IH2/Witkiewicz et al. - 2009 - Towards a new stromal-based classification system for human breast cancer prognosis and therapy(2).pdf","","Female; Humans; Survival Analysis; Risk; Prognosis; Angiogenesis Inhibitors/therapeutic use; Breast Neoplasms/*classification/diagnosis/therapy; Caveolin 1/*metabolism; Fibroblasts/metabolism/physiology; Stromal Cells/metabolism; Up-Regulation","","","","","","","","","","","","","","","","","","","","","","","","","","","","","","","","","","","","","","","","","","","","","","",""
"GBHCASLJ","journalArticle","2009","Witkiewicz, Agnieszka K; Dasgupta, Abhijit; Nguyen, Katherine H; Liu, Chengbao; Kovatich, Albert J; Schwartz, Gordon F; Pestell, Richard G; Sotgia, Federica; Rui, Hallgeir; Lisanti, Michael P","Stromal caveolin-1 levels predict early DCIS progression to invasive breast cancer.","Cancer Biology & Therapy","","1538-4047 (Linking)","","","Here, we determined the possible association of stromal caveolin-1 (Cav-1) levels with DCIS recurrence and/or progression to invasive breast cancer. An initial cohort of 78 DCIS patients with follow-up data was examined. As ER-positivity was associated with recurrence, we focused our analysis on this subset of 56 patients. In this group, we observed that DCIS progressed to invasive breast cancer in approximately 14% of the patient population (8/56), in accordance with an expected progression rate of 12-15%. Nearly ninety percent of DCIS patients (7/8) that underwent recurrence to invasive breast cancer had reduced or absent levels of stromal Cav-1. Remarkably, an absence of stromal Cav-1 (score = 0) was specifically associated with early disease progression to invasive breast cancer, with reduced time to recurrence and higher recurrence rate. All DCIS patients with an absence of stromal Cav-1 underwent some form of recurrence (5/5) and the majority (4/5) underwent progression to invasive breast cancer. This represents an overall cumulative incidence rate of 100% for recurrence and 80% for progression. An absence of stromal Cav-1 in DCIS lesions was also specifically associated with the presence of inflammatory cells. Conversely, ninety-seven percent of ER(+) DCIS patients (35/36) with high levels of stromal Cav-1 (score = 2) did not show any invasive recurrence over the duration of follow-up (4-208 mo), and 89% of such patients are estimated to remain free of invasive recurrence, even after 15 y. Thus, determination of stromal Cav-1 levels may be a useful new biomarker for guiding the treatment of ER(+) DCIS patients.","2009-06","2024-05-29 13:43:03","2024-05-29 13:43:03","","1071-9","","","8","","","","","","","","","","","","","","","","","Place: United States tex.owner: abhijit tex.timestamp: 2016.02.06","","","","Breast Neoplasms; Female; Humans; Adult; Aged; Kaplan-Meier Estimate; Male; Middle Aged; Cohort Studies; Disease Progression; Biomarkers; Carcinoma; Immunohistochemistry; 80 and over; Breast Neoplasms/*metabolism/pathology; Breast/*metabolism/pathology; Caveolin 1/*biosynthesis; Ductal; Local/*metabolism/pathology; Male/*metabolism/pathology; Neoplasm Recurrence; Tumor/*biosynthesis","","","","","","","","","","","","","","","","","","","","","","","","","","","","","","","","","","","","","","","","","","","","","","",""
"CFY5RPPY","journalArticle","2010","Witkiewicz, Agnieszka K; Dasgupta, Abhijit; Sammons, Sara; Er, Ozlem; Potoczek, Magdalena B; Guiles, Fran; Sotgia, Federica; Brody, Jonathan R; Mitchell, Edith P; Lisanti, Michael P","Loss of stromal caveolin-1 expression predicts poor clinical outcome in triple negative and basal-like breast cancers.","Cancer Biology & Therapy","","1538-4047 (Linking)","","","Here, we investigated the possible predictive value of stromal caveolin-1 (Cav-1) as a candidate biomarker for clinical outcome in triple negative (TN) breast cancer patients. A cohort of 85 TN breast cancer patients was available, with the necessary annotation and nearly 12 years of follow-up data. Our primary outcome of interest in this study was overall survival. Interestingly, TN patients with high-levels of stromal Cav-1 had a good clinical outcome, with ¿50% of the patients remaining alive during the follow-up period. In contrast, the median survival for TN patients with moderate stromal Cav-1 staining was 33.5 months. Similarly, the median survival for TN patients with absent stromal Cav-1 staining was 25.7 months. A comparison of 5-year survival rates yields a similar pattern. TN patients with high stromal Cav-1 had a good 5-year survival rate, with 75.5% of the patients remaining alive. In contrast, TN patients with moderate or absent stromal Cav-1 levels had progressively worse 5-year survival rates, with 40 and 9.4% of the patients remaining alive. In contrast, in a parallel analysis, the levels of tumor epithelial Cav-1 had no prognostic significance. As such, the prognostic value of Cav-1 immunostaining in TN breast cancer patients is compartment-specific, and selective for an absence of Cav-1 staining in the stromal fibroblast compartment. A recursive-partitioning algorithm was used to assess which factors are most predictive of overall survival in TN breast cancer patients. In this analysis, we included tumor size, histologic grade, whether the patient received surgery, radiotherapy or chemotherapy, CK5/6, EGFR, p53 and Ki67 status, as well as the stromal Cav-1 score. This analysis indicated that stromal loss of Cav-1 expression was the most important prognostic factor for overall survival in TN breast cancer. Virtually identical results were obtained with CK5/6 (+) and/or EGFR (+) TN breast cancer cases, demonstrating that a loss of stromal Cav-1 is also a strong prognostic factor for basal-like breast cancers. Our current findings may have important implications for the close monitoring and treatment stratification of TN and basal-like breast cancer patients.","2010-07","2024-05-29 13:43:03","2024-05-29 13:43:03","","135-43","","","10","","","","","","","","","","","","","","","","","Place: United States tex.owner: abhijit tex.timestamp: 2016.02.06","","","","Female; Humans; Survival Analysis; Statistics; Adult; Aged; Kaplan-Meier Estimate; Middle Aged; Predictive Value of Tests; Cohort Studies; Prognosis; Biomarkers; Receptors; Nonparametric; 80 and over; Receptor; Caveolin 1/*metabolism; Breast Neoplasms/*metabolism/mortality/*pathology; Connective Tissue/*metabolism; Epidermal Growth Factor/metabolism; Epithelium/metabolism; ErbB-2/metabolism; Estrogen/metabolism; Keratin-5/metabolism; Keratin-6/metabolism; Progesterone/analysis; Tumor/*metabolism","","","","","","","","","","","","","","","","","","","","","","","","","","","","","","","","","","","","","","","","","","","","","","",""
"38IJ6IHC","journalArticle","2009","Witkiewicz, Agnieszka K; Dasgupta, Abhijit; Sotgia, Federica; Mercier, Isabelle; Pestell, Richard G; Sabel, Michael; Kleer, Celina G; Brody, Jonathan R; Lisanti, Michael P","An absence of stromal caveolin-1 expression predicts early tumor recurrence and poor clinical outcome in human breast cancers.","The American Journal Of Pathology","","0002-9440 (Linking)","","","Previously, we showed that caveolin-1 (Cav-1) expression is down-regulated in human breast cancer-associated fibroblasts. However, it remains unknown whether loss of Cav-1 occurs in the breast tumor stroma in vivo. Here, we immunostained a well-annotated breast cancer tissue microarray with antibodies against Cav-1 and scored its stromal expression. An absence of stromal Cav-1 was associated with early disease recurrence, advanced tumor stage, and lymph node metastasis, resulting in a 3.6-fold reduction in progression-free survival. When tamoxifen-treated patients were selected, an absence of stromal Cav-1 was a strong predictor of poor clinical outcome, suggestive of tamoxifen resistance. Interestingly, in lymph node-positive patients, an absence of stromal Cav-1 predicted an 11.5-fold reduction in 5-year progression-free survival. Clinical outcomes among patients positive for HER2, and patients triple-negative for estrogen receptor, progesterone receptor and HER2, were also strictly dependent on stromal Cav-1 levels. When our results were adjusted for tumor and nodal staging, an absence of stromal Cav-1 remained an independent predictor of poor outcome. Thus, stromal Cav-1 expression can be used to stratify human breast cancer patients into low-risk and high-risk groups, and to predict their risk of early disease recurrence at diagnosis. Based on related mechanistic studies, we suggest that breast cancer patients lacking stromal Cav-1 might benefit from anti-angiogenic therapy in addition to standard regimens. We conclude that Cav-1 functions as a tumor suppressor in the stromal microenvironment.","2009-06","2024-05-29 13:43:03","2024-05-29 13:43:03","","2023-34","","","174","","","","","","","","","","","","","","","","","Place: United States tex.owner: abhijit tex.timestamp: 2016.02.06","","","","Female; Humans; Treatment Outcome; Adult; Aged; Kaplan-Meier Estimate; Middle Aged; Disease-Free Survival; Biomarkers; Receptors; Immunohistochemistry; 80 and over; Receptor; Caveolin 1/*biosynthesis; Neoplasm Recurrence; Connective Tissue/*metabolism; ErbB-2/metabolism; Estrogen/metabolism; Breast Neoplasms/drug therapy/*metabolism/pathology; Local/*metabolism/mortality/pathology; Lymphatic Metastasis/pathology; Progesterone/metabolism; Selective Estrogen Receptor Modulators/therapeutic use; Tamoxifen/therapeutic use; Tissue Array Analysis; Tumor/*analysis","","","","","","","","","","","","","","","","","","","","","","","","","","","","","","","","","","","","","","","","","","","","","","",""
"C9FDGH3U","journalArticle","2008","Witkiewicz, Agnieszka K; Nguyen, Katherine H; Dasgupta, Abhijit; Kennedy, Eugene P; Yeo, Charles J; Lisanti, Michael P; Brody, Jonathan R","Co-expression of fatty acid synthase and caveolin-1 in pancreatic ductal adenocarcinoma: implications for tumor progression and clinical outcome.","Cell Cycle (Georgetown, Tex.)","","1551-4005 (Linking)","","","Pancreatic cancer is a devastating disease that afflicts over 35,000 Americans every year. Since therapeutic options are limited, understanding the molecular aspects of this disease is critical for moving towards targeted treatment of this aggressive form of cancer. Caveolin-1 (Cav-1) and fatty acid synthase (FASN) are two proteins that have been shown to be dysregulated in a number of cancers. Functionally these proteins have been shown to be involved in the process of tumorigenesis. We thus surveyed the expression of both these critical proteins in a series of pancreatic precancerous lesions (pancreatic intraepithelial neoplasia, PanIN) and pancreatic cancers. Cav-1 and FASN expression correlated predominantly with clinical characteristics, such as histologic grade and advanced tumor stage (e.g., high Cav-1 and FASN expression correlated with poor differentiation status) and a significant survival advantage was found in patients with low co-expressing FASN and Cav-1 tumors. Cav-1 and FASN expression was absent in PanIN lesions and the normal ducts and acini. Of note, Cav-1 expression was detected in the fibroblasts of the desmoplastic pancreatic cancer stroma, but not in stromal cells of the normal pancreas. Mechanistically, these data support the notion that these proteins are co-regulated either directly or indirectly by another factor. Importantly, the co-expression of these proteins significantly correlates with clinical features and survival status of pancreatic cancer patients. Thus, Cav-1 and FASN may functionally cooperate in the process of pancreatic tumorigenesis, and as such, may be good candidate prognostic markers and targets for therapeutic intervention.","2008-10","2024-05-29 13:43:03","2024-05-29 13:43:03","","3021-5","","","7","","","","","","","","","","","","","","","","","Place: United States tex.owner: abhijit tex.timestamp: 2016.02.06","","","","Female; Humans; Aged; Male; Middle Aged; Carcinoma; Cultured; Tumor Cells; Immunohistochemistry; Caveolin 1/genetics/*metabolism; Fatty Acid Synthases/genetics/*metabolism; Pancreatic Ductal/enzymology/*metabolism/pathology; Pancreatic Neoplasms/enzymology/*metabolism/pathology","","","","","","","","","","","","","","","","","","","","","","","","","","","","","","","","","","","","","","","","","","","","","","",""
"HLGYZ98L","journalArticle","2012","Witkiewicz, Agnieszka K; Whitaker-Menezes, Diana; Dasgupta, Abhijit; Philp, Nancy J; Lin, Zhao; Gandara, Ricardo; Sneddon, Sharon; Martinez-Outschoorn, Ubaldo E; Sotgia, Federica; Lisanti, Michael P","Using the ""reverse Warburg effect"" to identify high-risk breast cancer patients: stromal MCT4 predicts poor clinical outcome in triple-negative breast cancers.","Cell Cycle (Georgetown, Tex.)","","1551-4005 (Linking)","10.4161/cc.11.6.19530","https://dx.doi.org/10.4161/cc.11.6.19530","We have recently proposed a new model of cancer metabolism to explain the role of aerobic glycolysis and L-lactate production in fueling tumor growth and metastasis. In this model, cancer cells secrete hydrogen peroxide (H2O2), initiating oxidative stress and aerobic glycolysis in the tumor stroma. This, in turn, drives L-lactate secretion from cancer-associated fibroblasts. Secreted L-lactate then fuels oxidative mitochondrial metabolism (OXPHOS) in epithelial cancer cells, by acting as a paracrine onco-metabolite. We have previously termed this type of two-compartment tumor metabolism the ""Reverse Warburg Effect,"" as aerobic glycolysis takes place in stromal fibroblasts, rather than epithelial cancer cells. Here, we used MCT4 immuno-staining of human breast cancer tissue microarrays (TMAs; ¿ 180 triple-negative patients) to directly assess the prognostic value of the ""Reverse Warburg Effect."" MCT4 expression is a functional marker of hypoxia, oxidative stress, aerobic glycolysis, and L-lactate efflux. Remarkably, high stromal MCT4 levels (score = 2) were specifically associated with decreased overall survival (¡ 18% survival at 10 y post-diagnosis). In contrast, patients with absent stromal MCT4 expression (score = 0), had 10-y survival rates of  97% (p-value ¡ 10 (-32) ). High stromal levels of MCT4 were strictly correlated with a loss of stromal Cav-1 (p-value ¡ 10 (-14) ), a known marker of early tumor recurrence and metastasis. In fact, the combined use of stromal Cav-1 and stromal MCT4 allowed us to more precisely identify high-risk triple-negative breast cancer patients, consistent with the goal of individualized risk-assessment and personalized cancer treatment. However, epithelial MCT4 staining had no prognostic value, indicating that the ""conventional"" Warburg effect does not predict clinical outcome. Thus, the ""Reverse Warburg Effect"" or ""parasitic"" energy-transfer is a key determinant of poor overall patient survival. As MCT4 is a druggable-target, MCT4 inhibitors should be developed for the treatment of aggressive breast cancers, and possibly other types of human cancers. Similarly, we discuss how stromal MCT4 could be used as a biomarker for identifying high-risk cancer patients that could likely benefit from treatment with FDA-approved drugs or existing MCT-inhibitors (such as, AR-C155858, AR-C117977, and AZD-3965).","2012-03","2020-09-16 18:36:19","2025-03-25 02:43:56","","1108-17","","","11","","","","","","","","","","","","","","","","","Place: United States tex.owner: abhijit tex.timestamp: 2016.02.06","","; /Users/ksrd721/Zotero/storage/67DJZSU7/Witkiewicz et al. - 2012 - Using the reverse Warburg effect to identify high-risk breast cancer patients stromal MCT4 predicts poor c(2).pdf","http://dx.doi.org/10.4161/cc.11.6.19530","Female; Humans; Adult; Aged; Kaplan-Meier Estimate; Middle Aged; Predictive Value of Tests; Risk Assessment; Cohort Studies; Neoplasm Grading; Risk Factors; Biomarkers; Breast Neoplasms/*diagnosis/*metabolism/pathology; Caveolin 1/metabolism; Epithelium/metabolism/pathology; Fibroblasts/metabolism; Glycolysis; Hydrogen Peroxide/metabolism; Immunoassay/methods; Lactic Acid/metabolism; Monocarboxylic Acid Transporters/*metabolism; Muscle Proteins/*metabolism; Oxidative Phosphorylation; Oxidative Stress; Staining and Labeling; Stromal Cells/*metabolism/pathology","","","","","","","","","","","","","","","","","","","","","","","","","","","","","","","","","","","","","","","","","","","","","","",""
"PBFF79J4","journalArticle","2010","Gu, Lei; Dagvadorj, Ayush; Lutz, Jacqueline; Leiby, Benjamin; Bonuccelli, Gloria; Lisanti, Michael P; Addya, Sankar; Fortina, Paolo; Dasgupta, Abhijit; Hyslop, Terry; Bubendorf, Lukas; Nevalainen, Marja T","Transcription factor Stat3 stimulates metastatic behavior of human prostate cancer cells in vivo, whereas Stat5b has a preferential role in the promotion of prostate cancer cell viability and tumor growth.","The American Journal Of Pathology","","0002-9440 (Linking)","10.2353/ajpath.2010.090653","https://dx.doi.org/10.2353/ajpath.2010.090653","Identification of the molecular changes that promote viability and metastatic behavior of prostate cancer is critical for the development of improved therapeutic interventions. Stat5a/b and Stat3 are both constitutively active in locally-confined and advanced prostate cancer, and both transcription factors have been reported to be critical for the viability of prostate cancer cells. We recently showed that Stat3 promotes metastatic behavior of human prostate cancer cells not only in vitro but also in an in vivo experimental metastases model. In this work, we compare side-by-side Stat5a/b versus Stat3 in the promotion of prostate cancer cell viability, tumor growth, and induction of metastatic colonization in vivo. Inhibition of Stat5a/b induced massive death of prostate cancer cells in culture and reduced both subcutaneous and orthotopic prostate tumor growth, whereas Stat3 had a predominant role over Stat5a/b in promoting metastases formation of prostate cancer cells in vivo in nude mice. The molecular mechanisms underlying the differential biological effects induced by these two transcription factors involve largely different sets of genes regulated by Stat5a/b versus Stat3 in human prostate cancer model systems. Of the two Stat5 homologs, Stat5b was more important for supporting growth of prostate cancer cells than Stat5a. This work provides the first mechanistic comparison of the biological effects induced by transcription factors Stat5a/b versus Stat3 in prostate cancer.","2010-04","2024-05-29 13:43:03","2024-05-29 13:43:03","","1959-72","","","176","","","","","","","","","","","","","","","","","Place: United States tex.owner: abhijit tex.timestamp: 2016.02.06","","","http://dx.doi.org/10.2353/ajpath.2010.090653","Humans; Male; Gene Expression Profiling; Animals; *Gene Expression Regulation; Neoplastic; Mice; Neoplasm Metastasis; Cell Line; Tumor; Cell Survival; Neoplasm Transplantation; Prostatic Neoplasms/*metabolism; STAT3 Transcription Factor/*metabolism; STAT5 Transcription Factor/*metabolism","","","","","","","","","","","","","","","","","","","","","","","","","","","","","","","","","","","","","","","","","","","","","","",""
"GFDY94CV","journalArticle","2016","Tektonidou, Maria G; Dasgupta, Abhijit; Ward, Michael M","Risk of end-stage renal disease in patients with lupus nephritis, 1971-2015: a systematic review and bayesian meta-analysis.","Arthritis & Rheumatology (Hoboken, N.J.)","","2326-5205","10.1002/art.39594","https://dx.doi.org/10.1002/art.39594","End-stage renal disease (ESRD) is a major consequence of lupus nephritis, but how this risk has changed over time is unknown. We conducted this systematic review to examine changes in ESRD among adults with lupus nephritis from 1971 to 2015 and to estimate risks of ESRD among contemporary patients. We searched PubMed, Embase, and the Cochrane Database of Systematic Reviews for cohort studies and clinical trials on ESRD in adults with lupus nephritis. We analyzed studies from developed and developing countries separately. The outcome was probability of ESRD at 5, 10, and 15 years of lupus nephritis. We included 187 articles that reported on 18,309 patients. In developed countries, the 5-year risk of ESRD decreased from 16% (95% confidence interval [95% CI] 14-17%) in 1970-1979 to 11% (95% CI 10-12%) in the mid-1990s and then plateaued. ESRD risks at 10 years and 15 years showed steeper declines in the 1970s and 1980s but also plateaued in 1993-1997, with a notable increase in the late 2000s. The decrease in risk after 1980 coincided with increased use of cyclophosphamide. The 15-year ESRD risk was higher in developing countries than in developed countries. Patients with class IV lupus nephritis had the greatest risk of ESRD, with a 15-year risk of 44% during the 2000s. Risks of ESRD in lupus nephritis improved between the 1970s and the mid-1990s and then plateaued, with an increase in the late 2000s. This pattern suggests limitations in the effectiveness of, or access to, current treatments.","2016-06","2024-05-29 13:43:03","2024-05-29 13:43:03","","1432–1441","","6","68","","","","","","","","","","","","","","","","","Country: United States tex.citation-subset: AIM, IM tex.created: 2016-05-27 tex.issn-linking: 2326-5191 tex.mid: NIHMS822822 tex.nlm-id: 101623795 tex.owner: NLM tex.pmcid: PMC5071782 tex.pubmodel: Print tex.pubstatus: ppublish tex.revised: 2016-10-25 tex.timestamp: 2016.12.02","","","http://dx.doi.org/10.1002/art.39594","","","","","","","","","","","","","","","","","","","","","","","","","","","","","","","","","","","","","","","","","","","","","","","",""
"XRBHVDG6","journalArticle","2016","Szymczak, Silke; Holzinger, Emily; Dasgupta, Abhijit; Malley, James D; Molloy, Anne M; Mills, James L; Brody, Lawrence C; Stambolian, Dwight; Bailey-Wilson, Joan E","r2VIM: A new variable selection method for random forests in genome-wide association studies.","BioData Mining","","","10.1186/s13040-016-0087-3","https://dx.doi.org/10.1186/s13040-016-0087-3","Machine learning methods and in particular random forests (RFs) are a promising alternative to standard single SNP analyses in genome-wide association studies (GWAS). RFs provide variable importance measures (VIMs) to rank SNPs according to their predictive power. However, in contrast to the established genome-wide significance threshold, no clear criteria exist to determine how many SNPs should be selected for downstream analyses. We propose a new variable selection approach, recurrent relative variable importance measure (r2VIM). Importance values are calculated relative to an observed minimal importance score for several runs of RF and only SNPs with large relative VIMs in all of the runs are selected as important. Evaluations on simulated GWAS data show that the new method controls the number of false-positives under the null hypothesis. Under a simple alternative hypothesis with several independent main effects it is only slightly less powerful than logistic regression. In an experimental GWAS data set, the same strong signal is identified while the approach selects none of the SNPs in an underpowered GWAS. The novel variable selection method r2VIM is a promising extension to standard RF for objectively selecting relevant SNPs in GWAS while controlling the number of false-positive results.","2016","2024-05-29 13:43:03","2024-05-29 13:43:03","","7","","","9","","","","","","","","","","","","","","","","","Country: England tex.completed: 2016-02-03 tex.created: 2016-2-3 tex.issn-linking: 1756-0381 tex.nlm-id: 101319161 tex.nlm: PMC4736152 tex.owner: NLM tex.pii: 87 tex.pmcid: PMC4736152 tex.pubmodel: Electronic-eCollection tex.pubstatus: epublish tex.revised: 2016-10-19 tex.timestamp: 2016.12.02","","","http://dx.doi.org/10.1186/s13040-016-0087-3","Machine learning; Variable selection; Random forest; SNP; Genetic; Genome-wide association study; Variable importance","","","","","","","","","","","","","","","","","","","","","","","","","","","","","","","","","","","","","","","","","","","","","","",""
"RLACDG7X","journalArticle","2016","Laucis, Nicholas C; Chowdhury, Mohammed; Dasgupta, Abhijit; Bhattacharyya, Timothy","Trend toward high-volume hospitals and the influence on complications in knee and hip arthroplasty.","The Journal of Bone And Joint Surgery. American Volume","","1535-1386","10.2106/JBJS.15.00399","https://dx.doi.org/10.2106/JBJS.15.00399","Hospitals in which a high volume of arthroplasty procedures are performed have been observed to have better outcomes. As the number of arthroplasties has increased, it is not known whether surgical cases have shifted to high-volume hospitals. In this study, we examined the change in the volume of arthroplasties to provide a contemporary definition of ""high-volume"" centers, quantified surgical volume that shifted to high-volume centers, and investigated the resulting effect on complications. Data from the National (Nationwide) Inpatient Sample (2000 to 2012) were used to quantify trends in total hip arthroplasty (THA) and total knee arthroplasty (TKA) volume. Elective primary THAs and TKAs were identified and grouped by hospital by utilizing the hospital identifier, which indicates the geographic location of the hospital. County geographic and population data were obtained from the U.S. Census, and the distances between hospitals and the centroids of counties were calculated. Risk-standardized surgical complication rates for hospitals (2009 to 2012) were obtained from Medicare Hospital Compare and grouped by hospital volume. From 2000 to 2012, there was a marked increase in the number of hospitals that performed a combined volume of 00 elective primary THAs and TKAs. The number of elective primary TKAs and THAs performed annually increased from 343,000 to 851,000. In 2012, 65.5% of the arthroplasties were performed in high-volume hospitals (400 arthroplasties annually), and 26.6% of the arthroplasties were performed in very high-volume hospitals (1,000 procedures annually). The proportion of arthroplasties performed in low-volume hospitals (¡100 arthroplasties annually) shrank from 17.9% to 5.4%. Very high-volume hospitals had the lowest complication rates (2.745 per 100; 95% confidence interval [CI], 2.56 to 2.93), and low-volume hospitals had the highest complication rates (3.610 per 100; 95% CI, 3.58 to 3.64; p ¡ 0.0001) (odds ratio, 1.327; 95% CI, 1.26 to 1.40). Our analysis showed that 81.9% of the U.S. population lived within 50 miles of a high-volume hospital. Arthroplasty patients are electing to have their procedures at higher-volume hospitals in the United States. Each successively higher hospital volume category manifested a lower complication rate.","2016-05","2024-05-29 13:43:03","2024-05-29 13:43:03","","707–712","","9","98","","","","","","","","","","","","","","","","","Country: United States tex.citation-subset: AIM, IM tex.created: 2016-5-5 tex.issn-linking: 0021-9355 tex.nlm-id: 0014030 tex.nlm: PMC4850659 [Available on 05/04/17] tex.owner: NLM tex.pii: 98/9/707 tex.pmcid: PMC4850659 tex.pubmodel: Print tex.pubstatus: ppublish tex.revised: 2016-5-7 tex.timestamp: 2016.12.02","","","http://dx.doi.org/10.2106/JBJS.15.00399","","","","","","","","","","","","","","","","","","","","","","","","","","","","","","","","","","","","","","","","","","","","","","","",""
"LH4Q2KX3","journalArticle","2016","Tan, Sovira; Dasgupta, Abhijit; Yao, Jianhua; Flynn, John A; Yao, Lawrence; Ward, Michael M","Spatial distribution of syndesmophytes along the vertebral rim in ankylosing spondylitis: preferential involvement of the posterolateral rim.","Annals of Rheumatic Disease","","1468-2060","10.1136/annrheumdis-2015-208802","https://dx.doi.org/10.1136/annrheumdis-2015-208802","Syndesmophytes in ankylosing spondylitis (AS) can occur anywhere along the vertebral rim, but little is known about how and where they develop, and particularly if they first form in certain locations along the rim. This information might provide clues to their aetiology. We examined the spatial distribution of syndesmophytes in the thoracolumbar spine in patients with AS using CT. We performed lumbar spine CT scans in 50 patients and used a validated computer algorithm to measure syndesmophyte heights in six intervertebral disc spaces. We measured heights every five radial degrees around the rim of each superior and inferior vertebral endplate. Syndesmophytes were observed in 208 of 296 intervertebral disc spaces. Both ascending and descending syndesmophytes were non-randomly distributed along the vertebral rim (p¡0.0001 for deviation from uniform distribution). Syndesmophytes occurred most often at the posterolateral vertebral rim, and least commonly at the posterior rim and anterior rim. In disc spaces with only small isolated syndesmophytes, these were also most likely to occur at the posterolateral rim. Syndesmophyte distribution varied with the vertebral level. Localisation at the posterolateral rim was most pronounced at T10-T11, T12-T12 and T12-L1, while L2-L3 and L3-L4 exhibited little localisation. Syndesmophytes are not randomly distributed around the vertebral rim, as might be expected if they develop solely in response to inflammation. Rather, they preferentially occur, and likely develop first, at the posterolateral rim. Studying factors that can lead to this pattern may help elucidate how syndesmophytes develop.","2016-11","2024-05-29 13:43:03","2024-05-29 13:43:03","","1951–1957","","11","75","","","","","","","","","","","","","","","","","Country: England tex.created: 2016-01-22 tex.issn-linking: 0003-4967 tex.mid: NIHMS822836 tex.nlm-id: 0372355 tex.owner: NLM tex.pii: annrheumdis-2015-208802 tex.pmcid: PMC5072453 tex.pubmodel: Print-Electronic tex.pubstatus: ppublish tex.revised: 2016-12-02 tex.timestamp: 2016.12.02","","","http://dx.doi.org/10.1136/annrheumdis-2015-208802","Outcomes research; Ankylosing Spondylitis; Spondyloarthritis","","","","","","","","","","","","","","","","","","","","","","","","","","","","","","","","","","","","","","","","","","","","","","",""
"XMCLC3L9","journalArticle","2016","Holzinger, Emily; Szymcak, Silke; Malley, James; Dasgupta, Abhijit; Li, Qing; Bailey-Wilson, Joan","A novel phenotype permutation method to optimize threshold selection in random forests","Genetic Epidemiology","","","","","","2016","2024-05-29 13:43:03","2024-05-29 13:43:03","","641–642","","7","40","","","","","","","","","","","","","","","","","Authority: Wiley-Blackwell 111 River St, Hoboken 07030-5774, NJ USA","","","","","","","","","","","","","","","","","","","","","","","","","","","","","","","","","","","","","","","","","","","","","","","","","","",""
"QGHTQINQ","journalArticle","2000","Dasgupta, Abhijit; Das Gupta, S","Parametric identifiability and model-preserving constraints","Calcutta Statistical Association Bulletin","","","","","","2000","2024-05-29 13:43:03","2024-05-29 13:43:03","","207–222","","3-4","50","","","","","","","","SAGE Publications","","","","","","","","","","","","","","","","","","","","","","","","","","","","","","","","","","","","","","","","","","","","","","","","","","","","","","","","","","","",""
"FLWRAAR4","thesis","2001","Dasgupta, Abhijit","Parametric Identifiability and related problems","","","","","","","2001","2024-05-29 13:43:03","2024-05-29 13:43:03","","","","","","","","","","","","","University of Washington","","","","phdthesis","","","","","tex.owner: abhijit tex.timestamp: 2016.12.02","","","","","","","","","","","","","","","","","","","","","","","","","","","","","","","","","","","","","","","","","","","","","","","","","","",""
"M4XFR7HW","conferencePaper","2007","Sheth, Mital; Dasgupta, Abhijit; Silvestry, Scott; Adams, Suzanne; Andrel, Jocelyn A; Medvedev, Sofia; Whellan, David J","Safe use of clopidogrel and aspirin anti-platelet therapy after off pump coronary artery bypass graft surgery","Journal of the american college of cardiology","","","","","","2007","2024-05-29 13:43:03","2024-05-29 13:43:03","","312A–312A","","","49","","","","","","","","Elsevier Science Inc 360 Park Ave South, New York, NY 10010-1710 USA","","","","","","","","","Number: 9","","","","","","","","","","","","","","","","","","","","","","","","","","","","","","","","","","","","","","","","","","","","","","","","","","",""
"T6RGDLX5","conferencePaper","2007","Shamimi-Noori, Saum; Chryssos, Emmanuel D; Cho, Stephanie; Dasgupta, Abhijit; Adams, Suzanne; Mather, Paul; Rubin, Sharon; Andrei, Jocelyn; Whellan, David J","Outpatient medication usage is not associated with anemia in patients hospitalized for decompensated heart failure","Journal of the american college of cardiology","","","","","","2007","2024-05-29 13:43:03","2024-05-29 13:43:03","","92A–92A","","","49","","","","","","","","Elsevier Science Inc 360 Park Ave South, New York, NY 10010-1710 USA","","","","","","","","","Number: 9","","","","","","","","","","","","","","","","","","","","","","","","","","","","","","","","","","","","","","","","","","","","","","","","","","",""
"C9NLSTLK","journalArticle","2007","Landi, Maria; Dracheva, Tatiana; Rotunno, Melissa; Shih, Joanna; Dasgupta, Abhijit; Consonni, Dario; Pesatori, Angela; Figueroa, Jonine; Wacholder, Sholom; Bertazzi, PierAlberto; others","Gene expression signatures of cigarette smoking in tumor and normal lung tissue from EAGLE","Cancer Research","","","","","","2007","2024-05-29 13:43:03","2024-05-29 13:43:03","","2449–2449","","9 Supplement","67","","","","","","","","American Association for Cancer Research","","","","","","","","","","","","","","","","","","","","","","","","","","","","","","","","","","","","","","","","","","","","","","","","","","","","","","","","","","","",""
"S6JB9EEL","journalArticle","2007","Dasgupta, Abhijit; Self, Steven G; Gupta, Somesh Das","Non-identifiable parametric probability models and reparametrization","Journal of Statistical Planning and Inference","","","","","","2007","2024-05-29 13:43:03","2024-05-29 13:43:03","","3380–3393","","11","137","","","","","","","","North-Holland","","","","","","","","","","","","","","","","","","","","","","","","","","","","","","","","","","","","","","","","","","","","","","","","","","","","","","","","","","","",""
"EP55AITE","report","2009","Toll, AD; Dasgupta, A; Potoczek, M; Kleer, CG; Brody, JR; Witkiewicz, AK","Repression of e-cadherin by the polycomb group protein EZH2 in pancreatic cancer","","","","","","","2009","2024-05-29 13:43:03","2024-05-29 13:43:03","","34","","","","","","","","","","","Thomas Jefferson University","Philadelphia, PA","","","resreport","","","","","tex.owner: abhijit tex.timestamp: 2016.12.02","","","","","","","","","","","","","","","","","","","","","","","","","","","","","","","","","","","","","","","","","","","","","","","","","","",""
"IMVAY6L6","conferencePaper","2009","Gibbons, AV; Snook, AE; Li, P; Lin, JE; DeGodoy, M; Rattan, SC; Dasgupta, A; Schulz, S; Pitari, GM; Waldman, SA","The intestinal tumor susceptibility gene product Gucy2c coordinates epithelial-mesenchymal interactions opposing the tumorigenic stromal niche through TGF-beta 1","Journal of investigative medicine","","","","","","2009","2024-05-29 13:43:03","2024-05-29 13:43:03","","539–540","","","57","","","","","","","","Lippincott Williams & Wilkins 530 Walnut St, Philadelphia, PA 19106-3621 USA","","","","","","","","","Number: 3","","","","","","","","","","","","","","","","","","","","","","","","","","","","","","","","","","","","","","","","","","","","","","","","","","",""
"8IJZUX5J","conferencePaper","2009","Natan, Shaw R; Dasgupta, Abhijit; Adams, Suzanne; Diamond, Maura; Pavri, Behzad B; Greenspon, Arnold J; Whellan, David J","Matrix metalloproteinase 2 and 9: Novel biomarkers for atrial and ventricular arrhythmias in patients with systolic heart failure","Journal of the american college of cardiology","","","","","","2009","2024-05-29 13:43:03","2024-05-29 13:43:03","","A100–A100","","","53","","","","","","","","Elsevier Science Inc 360 Park Ave South, New York, NY 10010-1710 USA","","","","","","","","","Number: 10","","","","","","","","","","","","","","","","","","","","","","","","","","","","","","","","","","","","","","","","","","","","","","","","","","",""
"Y9BQLILG","conferencePaper","2009","Gibbons, Ahmara; Snook, Adam; Li, Peng; Lin, Jieru; Rattan, Satish; Dasgupta, Abhijit; Schulz, Stephanie; Pitari, Giovanni; Waldman, Scott; others","Abstract# 3523: The intestinal tumor susceptibility gene product GUCY2C coordinates epithelial-mesenchymal interactions opposing the tumorigenic stromal niche through TGF-\# 946; 1","Cancer research","","","","","","2009","2024-05-29 13:43:03","2024-05-29 13:43:03","","3523–3523","","","69","","","","Cancer Research","","","","American Association for Cancer Research","","","","","","","","","Number: 9 Supplement","","","","","","","","","","","","","","","","","","","","","","","","","","","","","","","","","","","","","","","","","","","","","","","","","","",""
"R7ZCYGVT","conferencePaper","2009","Brody, J; Dasgupta, A; Costantino, CL; Kennedy, E; Yeo, CJ; Witkiewicz, AK","Correlation of HuR cytoplasmic expression in pancreatic cancer and overall patient survival when treated with gemcitabine in the adjuvant setting","ASCO annual meeting proceedings","","","","","","2009","2024-05-29 13:43:03","2024-05-29 13:43:03","","11097","","","27","","","","","","","","","","","","","","","","","Number: 15S","","","","","","","","","","","","","","","","","","","","","","","","","","","","","","","","","","","","","","","","","","","","","","","","","","",""
"XDPCULPP","conferencePaper","2009","Bonita, Raphael E; Raake, Philip W; Otis, Nicholas J; Chuprun, Kurt J; Dasgupta, Abhijit; Koch, Walter J; Mather, Paul J","G-protein coupled receptor kinase expression in lymphocytes–a novel biomarker of left ventricular systolic function in heart failure patients","Journal of cardiac failure","","","","","","2009","2024-05-29 13:43:03","2024-05-29 13:43:03","","S9","","","15","","","","","","","","Churchill Livingstone","","","","","","","","","Number: 6","","","","","","","","","","","","","","","","","","","","","","","","","","","","","","","","","","","","","","","","","","","","","","","","","","",""
"M2JHAAAP","conferencePaper","2009","Ruggiero, NJ; Gould, S; Deeugenio, D; Kiernan, TJ; Saltzman, H; Dasgupta, A; Walinsky, P; Fischman, D; Savage, MP","The treatment of saphenous vein graft disease with drug eluting stents: low mortality when combined with prolonged dual antiplatelet therapy","European heart journal","","","","","","2009","2024-05-29 13:43:03","2024-05-29 13:43:03","","791–791","","","30","","","","","","","","OXFORD UNIV PRESS GREAT CLARENDON ST, OXFORD OX2 6DP, ENGLAND","","","","","","","","","","","","","","","","","","","","","","","","","","","","","","","","","","","","","","","","","","","","","","","","","","","","","","","","","","","",""
"3GC6MBN2","conferencePaper","2009","Ruggiero, Nicholas J; Gould, Stuart; Saltzman, Heath; DeEugenio, Deborah; Dasgupta, Abhijit; Kiernan, Thomas; Yan, Bryan P; Walinsky, Paul; Fischman, David; Savage, Michael","Predictors of major adverse cardiac events in patients undergoing percutaneous coronary intervention with drug-eluting stents for the treatment of saphenous vein graft disease","Cardiovascular revascularization medicine","","","","","","2009","2024-05-29 13:43:03","2024-05-29 13:43:03","","201","","","10","","","","","","","","Elsevier","","","","","","","","","Number: 3","","","","","","","","","","","","","","","","","","","","","","","","","","","","","","","","","","","","","","","","","","","","","","","","","","",""
"A9PWZJB7","document","2010","Dasgupta, Abhijit","Flexible report generation and literate programming using R and Python's docutils module","","","","","","","2010","2024-05-29 13:43:03","2024-05-29 13:43:03","","","","","","","","","","","","","useR","","","","","","","","","","","","","","","","","","","","","","","","","","","","","","","","","","","","","","","","","","","","","","","","","","","","","","","","","","","",""
"8DFWIECB","journalArticle","2017","Ward, Michael M; Guthrie, Lori C; Dasgupta, Abhijit","Direct and indirect determinants of the patient global assessment in rheumatoid arthritis: Differences by level of disease activity.","Arthritis Care & Research","","2151-4658","10.1002/acr.22953","https://dx.doi.org/10.1002/acr.22953","In rheumatoid arthritis (RA), the patient global assessment (PGA) has been strongly associated with pain severity, but less often with other measures, including disease activity measures. We tested whether RA activity and psychological measures had direct associations with the PGA or indirect associations that were mediated by pain. We also tested whether the correlates of the PGA differed with the degree of RA activity. We studied 260 patients with active RA on 2 visits in a prospective longitudinal study. We used path analysis to test direct and indirect associations of Disease Activity Score in 28 joints (DAS28), morning stiffness, Health Assessment Questionnaire (HAQ), fatigue, physical role limitations, social functioning, depressive symptoms, and health distress with the PGA. Among the 509 visits, the median PGA score was 50 (25th-75th percentile: 24-66). Pain severity had the strongest association with the PGA, but direct associations were also found for morning stiffness severity, health distress, fatigue, and DAS28. Morning stiffness severity, DAS28, health distress, and HAQ were also indirectly associated with the PGA through pain. Among visits with DAS28 ¿= 5.4, pain, morning stiffness severity, and HAQ were the only determinants of the PGA. Among visits with DAS28 ¡4.2, health distress and age were additional determinants, and fatigue was marginally associated with the PGA. Although pain was the strongest determinant of the PGA in RA, morning stiffness severity, health distress, fatigue, and DAS28 were also important. Determinants of the PGA differed with RA activity, with health distress, age, and to a lesser degree, fatigue, contributing only in patients with less active RA.","2017-02","2024-05-29 13:43:03","2024-05-29 13:43:03","","323–329","","3","69","","","","","","","","Wiley","","","","","","","","","Country: United States tex.created: 2016-06-08 tex.issn-linking: 2151-464X tex.mid: NIHMS793611 tex.nlm-id: 101518086 tex.owner: NLM tex.pmc: PMC5140769 tex.pubmodel: Print tex.pubstatus: ppublish tex.revised: 2017-03-03","","","http://dx.doi.org/10.1002/acr.22953","","","","","","","","","","","","","","","","","","","","","","","","","","","","","","","","","","","","","","","","","","","","","","","",""
"VJX54DI8","journalArticle","2016","Wang, Runsheng; Dasgupta, Abhijit; Ward, Michael M","Comparative efficacy of non-steroidal anti-inflammatory drugs in ankylosing spondylitis: a Bayesian network meta-analysis of clinical trials.","Annals of the Rheumatic Diseases","","1468-2060","10.1136/annrheumdis-2015-207677","https://dx.doi.org/10.1136/annrheumdis-2015-207677","To compare the efficacy of 20 non-steroidal anti-inflammatory drugs (NSAIDs) in the short-term treatment of ankylosing spondylitis (AS). We performed a systematic literature review of randomised controlled trials of NSAIDs in patients with active AS. We included trials that reported efficacy at 2-12 weeks. Efficacy outcomes were the change in pain score and change in the duration of morning stiffness. We also examined the number of adverse events. We used Bayesian network meta-analysis to compare effects directly and indirectly between drugs. We included 26 trials (66 treatment arms) of 20 NSAIDs with 3410 participants in the network meta-analysis. Fifty-eight per cent of trials had fewer than 50 participants. All 20 NSAIDs reduced pain more than placebo (standardised mean difference ranging from -0.65 to -2.2), with 15 NSAIDs significantly better than placebo. Etoricoxib was superior to celecoxib, ketoprofen and tenoxicam in pain reduction, but no other interdrug comparisons were significant. There were no significant differences among NSAIDs in decreases in the duration of morning stiffness or the likelihood of adverse events. Adverse events were uncommon in these short-term studies. In 16 trials that used NSAIDs at full doses, etoricoxib was superior to all but two other NSAIDs in pain reduction. Etoricoxib was more effective in reducing pain in AS than some other NSAIDs, but there was otherwise insufficient evidence to conclude that any particular NSAID was more effective in the treatment of AS. Comparisons were limited by small studies.","2016-06","2024-05-29 13:43:03","2024-05-29 13:43:03","","1152–1160","","6","75","","","","","","","","","","","","","","","","","Country: England tex.citation-subset: IM tex.created: 2016-05-11 tex.issn-linking: 0003-4967 tex.nlm-id: 0372355 tex.owner: NLM tex.pii: annrheumdis-2015-207677 tex.pubmodel: Print-Electronic tex.pubstatus: ppublish tex.revised: 2016-05-11","","","http://dx.doi.org/10.1136/annrheumdis-2015-207677","Ankylosing Spondylitis; Spondyloarthritis; NSAIDs","","","","","","","","","","","","","","","","","","","","","","","","","","","","","","","","","","","","","","","","","","","","","","",""
"C4H94GMV","journalArticle","2009","Malhotra, Prashant S; Sharma, Pranav; Fishman, Michael A; Grumbine, F Lawson; Tholey, Renee; Dam, Vincent Q; Dasgupta, Abhijit; Pequignot, Edward; Willcox, Thomas O","Clinical, radiographic, and audiometric predictors in conservative management of vestibular schwannoma.","Otology & neurotology : official publication of the American Otological Society, American Neurotology Society [and] European Academy of Otology and Neurotology","","1537-4505","10.1097/MAO.0b013e31819d3465","https://dx.doi.org/10.1097/MAO.0b013e31819d3465","Vestibular schwannomas (VS) can be managed by observation. The goals were to examine clinical, radiographic, and audiometric variables at presentation and during observation that may predict which patients fail conservative management. A retrospective chart review was performed of 202 patients who elected observation primarily. Data collection included presenting symptoms, symptom progression, tumor size, audiologic measures, and global clinical outcomes. Univariate and multivariate analyses were performed. Follow-up ranged from 1 month to 16 years (mean, 2.48 yr). Nineteen patients (9.4%) in the study group failed. Disequilibrium as a presenting symptom appeared more often in patients who failed observation (58% versus 32%; p = 0.039), as did new-onset disequilibrium. Presenting tumor size differed for patients who failed conservative management, with a mean of 14.0 versus 8.4 mm (p = 0.0006). Neurotologic complications compared favorably to those treated with primary surgery or radiotherapy. Patients with subjective disequilibrium at presentation and subjective disequilibrium developed during observation may be more likely to fail conservative management. Increased tumor size at presentation also may indicate the same, although no threshold could be achieved.","2009-06","2024-05-29 13:43:03","2024-05-29 13:43:03","","507–514","","4","30","","","","","","","","","","","","","","","","","Country: United States tex.citation-subset: IM tex.completed: 2009-09-16 tex.created: 2009-06-23 tex.issn-linking: 1531-7129 tex.nlm-id: 100961504 tex.owner: NLM tex.pubmodel: Print tex.pubstatus: ppublish tex.revised: 2016-11-25","","","http://dx.doi.org/10.1097/MAO.0b013e31819d3465","Female; Humans; Treatment Outcome; Adult; Aged; Male; Middle Aged; Prognosis; Adolescent; Retrospective Studies; diagnosis; 80 and over; Acoustic; complications; Cranial Nerve Diseases; diagnostic imaging; Dizziness; etiology; Hearing Loss; Neuroma; Radiography; therapy; Tinnitus","","","","","","","","","","","","","","","","","","","","","","","","","","","","","","","","","","","","","","","","","","","","","","",""
"Q99NEVZT","journalArticle","2017","Tektonidou, Maria G; Lewandowski, Laura B; Hu, Jinxian; Dasgupta, Abhijit; Ward, Michael M","Survival in adults and children with systemic lupus erythematosus: a systematic review and Bayesian meta-analysis of studies from 1950 to 2016","Annals of the Rheumatic Diseases","","","10.1136/annrheumdis-2017-211663","https://dx.doi.org/10.1136/annrheumdis-2017-211663","Objective: To determine trends in survival among adult and pediatric patients with systemic lupus erythematosus (SLE) from 1950 to the present. ethods: We performed a systematic literature review to identify all published cohort studies on survival in patients with SLE. We used Bayesian methods to derive pooled survival estimates separately for adult and pediatric patients, as well as for studies from high income countries and low/middle income countries. We pooled contemporaneous studies to obtain trends in survival over time. We also examined trends in major causes of death. Results: We identified 125 studies of adult patients and 51 studies of pediatric patients. Among adults, survival improved gradually from the 1950's to the mid-1990's in both high income and low/middle income countries, after which survival plateaued. In 2008-2016, the 5-year, 10-year, and 15-year pooled survival estimates in adults from high income countries were 0.95, 0.89, and 0.82, and in low/middle income countries were 0.92, 0.85, and 0.79 respectively. Among children, in 2008-2016, the 5-year and 10-year pooled survival estimates from high income countries were 0.99 and 0.97, while in low/middle income countries were 0.85 and 0.79, respectively. The proportion of deaths due to SLE decreased over time in studies of adults and among children from high income countries. Conclusions: After a period of major improvement, survival in SLE has plateaued since the mid-1990's. In high income countries, 5-year survival exceeds 0.95 in both adults and children. In low/middle income countries, 5-year and 10-year survival was lower among children than adults.","2017-08","2020-09-16 18:37:44","2025-03-25 02:45:44","","2009–2016","","12","76","","","","","","","","BMJ","","","","","","","","","","","","http://dx.doi.org/10.1136/annrheumdis-2017-211663","","","","","","","","","","","","","","","","","","","","","","","","","","","","","","","","","","","","","","","","","","","","","","","",""
"TCM2NF36","journalArticle","2017","Ward, Michael M; Dasgupta, Abhijit; Tektonidou, Maria","Reply.","Arthritis & rheumatology (Hoboken, N.J.)","","2326-5205","10.1002/art.40115","https://dx.doi.org/10.1002/art.40115","","2017","2024-05-29 13:43:03","2024-05-29 13:43:03","","","","","","","","","","","","","","","","","","","","","","Country: United States tex.created: 2017-04-04 tex.issn-linking: 2326-5191 tex.nlm-id: 101623795 tex.owner: NLM tex.pubmodel: Print-Electronic tex.pubstatus: aheadofprint tex.revised: 2017-06-14","","","http://dx.doi.org/10.1002/art.40115","","","","","","","","","","","","","","","","","","","","","","","","","","","","","","","","","","","","","","","","","","","","","","","",""
"7VU3APMP","book","2017","Tattar, Prabhanjan; Ojeda, Tony; Murphy, Sean Patrick; Bengfort, Benjamin; Dasgupta, Abhijit","Practical data science cookbook, second edition","","1-78712-962-4","","","","","2017","2024-05-29 13:43:03","2024-05-29 14:57:01","","","","","","","","","","","","","Packt Publishing","","","","","","","","","tex.ean: 9781787129627","","","","","","","","","","","","","","","","","","","","","","","","","","","","","","","","","","","","","","","","","","","","","","","","","","",""
"N8WDDR5Y","journalArticle","2020","Agunbiade, Abdulkareem; Dasgupta, Abhijit; Ward, Michael M.","Racial/ethnic differences in dialysis discontinuation and survival after hospitalization for serious conditions among patients on maintenance dialysis","Journal of the American Society of Nephrology","","1046-6673","10.1681/ASN.2019020122","https://jasn.asnjournals.org/content/31/1/149","Racial and ethnic minorities, particularly blacks, survive longer on maintenance dialysis than whites. Minorities are also less likely to discontinue dialysis, which affects relative survival. Both differences have been attributed by some clinicians to better health among minorities on dialysis. To test if health differences explain racial and ethnic differences in dialysis discontinuation, the authors compared the frequency of dialysis discontinuation among racial and ethnic groups after hospitalization for one of four serious medical conditions. Despite hospitalization for the same condition, racial and ethnic minorities were less likely than whites to discontinue dialysis. Using a simulation that accounted for differences in dialysis discontinuation substantially reduced the survival advantage of racial and ethnic minorities. The study suggests that racial and ethnic differences in survival were largely determined by differential discontinuation of dialysis.Background Racial and ethnic minorities on dialysis survive longer than whites, and are less likely to discontinue dialysis. Both differences have been attributed by some clinicians to better health among minorities on dialysis.Methods To test if racial and ethnic differences in dialysis discontinuation reflected better health, we conducted a retrospective cohort study of survival and dialysis discontinuation among patients on maintenance dialysis in the US Renal Data System after hospitalization for either stroke (n=60,734), lung cancer (n=4100), dementia (n=40,084), or failure to thrive (n=42,950) between 2003 and 2014. We examined the frequency of discontinuation of dialysis and used simulations to estimate survival in minorities relative to whites if minorities had the same pattern of dialysis discontinuation as whites.Results Blacks, Hispanics, and Asians had substantially lower frequencies of dialysis discontinuation than whites in each hospitalization cohort. Observed risks of mortality were also lower for blacks, Hispanics, and Asians. In simulations that assigned discontinuation patterns similar to those found among whites across racial and ethnic groups, differences in survival were markedly attenuated and hazard ratios approached 1.0. Survival and dialysis discontinuation frequencies among American Indians and Alaska Natives were close to those of whites.Conclusions Racial and ethnic differences in dialysis discontinuation were present among patients hospitalized with similar health events. Among these patients, survival differences between racial and ethnic minorities and whites were largely attributable to differences in the frequency of discontinuation of dialysis.","2020-01","2024-05-29 13:43:03","2024-05-29 13:43:03","","149-160","","1","31","","","","","","","","American Society of Nephrology","","","","","","","","","Citation Key: Agunbiade:2020 Country: United States tex.citation-subset: IM tex.date-added: 2019-12-14 06:18:04 +0000 tex.date-modified: 2020-01-03 19:12:29 -0500 tex.elocation-id: ASN.2019020122 tex.eprint: https://jasn.asnjournals.org/content/31/1/149 tex.issn-linking: 1046-6673 tex.nlm-id: 9013836 tex.owner: NLM tex.pii: ASN.2019020122 tex.pmc: PMC6935007 tex.pubmodel: Print-Electronic tex.pubstatus: ppublish tex.read: 1 tex.revised: 2020-01-07","","; ","https://jasn.asnjournals.org/content/early/2019/12/12/ASN.2019020122; https://dx.doi.org/10.1681/ASN.2019020122","survival; ESRD; ethnicity","","","","","","","","","","","","","","","","","","","","","","","","","","","","","","","","","","","","","","","","","","","","","","",""
"EQWFE5ZB","journalArticle","2019","Dasgupta, Abhijit; Ward, Michael M","Translating treatment effects between rheumatoid arthritis activity measures and ACR responses in direct comparison trials","Arthritis Care & Research","","2151-4658","10.1002/acr.23825","https://doi.org/10.1002/acr.23825","Direct comparison trials in rheumatoid arthritis (RA) increasingly use changes in continuous disease activity measures as endpoints. However, the between-arm differences in these scores that are clinically meaningful are uncertain. To aid interpretation of clinical trials that use the Disease Activity Score in 28 joints (DAS28) or Simplified Disease Activity Index (SDAI) as endpoints, we developed statistical equivalences between changes in these measures and American College of Rheumatology (ACR) responses. For superiority trials, we computed the minimal detectable difference in DAS28 changes and SDAI changes that correspond to the ACR criteria for 20% improvement (ACR20) and 50% improvement (ACR50) responses at the same type I and type II errors and same sample size. For noninferiority trials, we computed noninferiority margins that were statistically equivalent across measures. Standard deviations of the changes in the DAS28 and SDAI from a recent observational study were used as the basis of calculations in our examples. In the base scenario with type 1 error 0.05 and power 0.80, a trial with 300 subjects per arm would detect a 0.31-point difference in mean DAS28 change scores and 3.71-point difference in mean SDAI change scores as statistically equivalent to an absolute difference of 11% in ACR20 between treatment arms. We developed a web-based utility that provides equivalent differences among these measures for customized sample sizes, error rates, and standard deviations of the DAS28 and SDAI between-arm differences. The DAS28 and SDAI responses can be related to statistically equivalent changes in ACR responses, which can aid the interpretation of trials that use these measures.","2019-11","2024-05-29 13:43:03","2024-05-29 13:43:03","","1482–1487","","11","71","","","","","","","","","","","","","","","","","Citation Key: Dasgupta:2019 Country: United States tex.citation-subset: IM tex.date-added: 2018-12-21 02:47:39 +0000 tex.date-modified: 2020-02-19 13:52:22 -0500 tex.issn-linking: 2151-464X tex.mid: NIHMS1003590 tex.nlm-id: 101518086 tex.owner: NLM tex.pmc: PMC6620166 tex.pubmodel: Print tex.pubstatus: ppublish tex.revised: 2020-01-08","","","http://dx.doi.org/10.1002/acr.23825","","","","","","","","","","","","","","","","","","","","","","","","","","","","","","","","","","","","","","","","","","","","","","","",""
"YRNDFRXR","conferencePaper","2024","Gill, Jaidip; Dasgupta, Abhijit; Manry, Brychan; Markuzon, Natasha","Abstract 4927: Combining single-cell ATAC and RNA sequencing for supervised cell annotation","Cancer Research","","","10.1158/1538-7445.AM2024-4927","https://doi.org/10.1158/1538-7445.AM2024-4927","Background: Analysis of samples at the single-cell level offers insights into cellular heterogeneity and cell function. Cell type annotation is the first critical step for performing such an analysis. While current methods primarily utilize single-cell RNA sequencing (scRNA-seq) for annotation, several studies have demonstrated improved classification accuracy by combining scRNA-seq with transposase-accessible chromatin sequencing (ATAC-seq) using unsupervised methods. However, the utility of ATAC-seq features for supervised cell-type annotation has not been explored.Aims/Objectives: The objective of this study was to evaluate the relative performance of supervised cell-type classification using scRNA-seq alone vs. in multimodal combination with ATAC-seq; and how these data interplay with choice of classification and dimensionality reduction methods.Methods: A peripheral-blood mononuclear cell multi-omic dataset from a single, healthy female donor wasanalysed in this study. Ground truth annotations were generated using unsupervised annotation with the weighted nearest neighbour clustering method. Two dimensionality reduction methods (principal component analysis (PCA), single-cell Variational Inference (scVI) autoencoder) and four classification models (logistic regression, random forest, support vector machine (SVM)) were implemented and performance metrics (F1 score, precision, and recall) were compared over 10 bootstrap samples.Results: ATAC-seq features improved annotation quality and prediction confidence when using scVI embeddings, independent of the classifier. The best-performing model (SVM with scVI embeddings) showed an increase from a median macro F1 score of 0.907 (IQR = [0.902, 0.910]) using scRNA-seq alone to 0.946 (IQR = [0.940, 0.949], p &lt;0.05) with ATAC-seq added. For PCA embeddings, improvements in macro F1 score were insignificant.All cell types (B, T, monocytes, natural killer and dendritic cells) showed significant improvements when using ATAC-seq with scVI embeddings. CD4 T effector memory cells showed the largest gain in F1 score (0.112, p &lt;0.01), whilst type-2 conventional dendritic cells showed the smallest improvement (0.006, p &lt;0.05). Prediction confidence was improved in B cells, monocytes, natural killer cells, CD4 and CD8 naïve cells, CD4 T central memory cells and CD8 T effector memory cells. Improvements in F1 scores were lost when only classifying major cell types rather than subtypes.Conclusions: Employing ATAC-seq embeddings with scVI autoencoder enhances supervised annotation quality over scRNA-only methods. Further studies should explore the use of ATAC to improve the annotation of highly heterogeneous tissues such as tumours.Citation Format: Jaidip Gill, Abhijit Dasgupta, Brychan Manry, Natasha Markuzon. Combining single-cell ATAC and RNA sequencing for supervised cell annotation [abstract]. In: Proceedings of the American Association for Cancer Research Annual Meeting 2024; Part 1 (Regular Abstracts); 2024 Apr 5-10; San Diego, CA. Philadelphia (PA): AACR; Cancer Res 2024;84(6_Suppl):Abstract nr 4927.","2024-03-22","2024-05-29 13:47:14","2025-10-30 01:21:22","2024-05-29","4927-4927","","","84","","","","","","","","","","","","","","","","","abstract","","","","","","","","","","","","","","","","","","","","","","","","","","","","","","","","","","","","","","","","","","","","","","","","","","",""
"V836KCCY","conferencePaper","2024","Dasgupta, Abhijit; Duclos, Grant; Miragaia, Ricardo; Manry, Brychan; Jacob, Etai; Markuzon, Natasha; Rotem, Asaf","Abstract 3520: A scalable single cell RNA-seq pipeline leveraging machine learning and high-quality references for cell-type prediction","Cancer Research","","","10.1158/1538-7445.AM2024-3520","https://doi.org/10.1158/1538-7445.AM2024-3520","Single cell RNA-seq (scRNA-seq) technology transformed our understanding of biology at the cell level. Inferring cell types provide insights into the relative abundance of, and genomic differences between, different cell types. Current methods leverage known cell type markers and genomic similarity measures to attribute cell types to groups of cells.We present a scalable machine learning-based pipeline that can leverage high quality reference annotation data to infer cell types quickly for multiple scRNA-seq experimental samples. This pipeline leverages two machine learning technologies: variational autoencoders (VAE) to create a low-dimensional representation of the reference transcriptome; and, supervised learning methods that use this representation to learn cell types from the reference data. This pipeline can quickly score new experimental data using GPU-enabled computing platforms and provide probabilities of a cell being each cell type present in the reference data.This novel pipeline is evaluated using 5 public reference data sets. We evaluate whether VAE-based representations benefit supervised learning, compared to PCA and t-SNE. We next evaluate different supervised learning methods for predictive performance. Finally, we compare the pipeline’s performance with commonly-used cell type prediction algorithms (Seurat, scANVI). We find that using a VAE is generally better than both PCA and t-SNE for feature generation to predict cell type. Using the VAE representation, there is no significant difference in accuracy between logistic regression and other supervised learning algorithms. Finally, using logistic regression as the learning machine, this pipeline is as accurate as Seurat and better than scANVI, while running about 2-5x faster than Seurat.Table 1 Balanced accuracy (%) from leave-one-subject-out cross-validation across 5 public data sets. Intervals are the range of the metric across the cross-validation folds.AlgorithmPBMC (10X)HLCAEraslan snRNABlueprint BreastBlueprint LungOur pipeline92 (87-95)92 (88-93)93 (90-97)89 (80-96)97 (95-99)Seurat96 (95-97)90 (94-98)94 (93-97)96 (87-98)98 (94-99)scANVI91 (84-95)72 (78-86)92 (88-96)94 (80-97)88 (86-100)Citation Format: Abhijit Dasgupta, Grant Duclos, Ricardo Miragaia, Brychan Manry, Etai Jacob, Natasha Markuzon, Asaf Rotem. A scalable single cell RNA-seq pipeline leveraging machine learning and high-quality references for cell-type prediction [abstract]. In: Proceedings of the American Association for Cancer Research Annual Meeting 2024; Part 1 (Regular Abstracts); 2024 Apr 5-10; San Diego, CA. Philadelphia (PA): AACR; Cancer Res 2024;84(6_Suppl):Abstract nr 3520.","2024-03-22","2024-05-29 13:47:38","2025-10-30 01:21:31","2024-05-29","3520-3520","","","84","","","","","","","","","","","","","","","","","abstract","","","","","","","","","","","","","","","","","","","","","","","","","","","","","","","","","","","","","","","","","","","","","","","","","","",""
"PBHIZCAM","journalArticle","2021","Vazzana, Kathleen M.; Daga, Ankana; Goilav, Beatrice; Ogbu, Ekemini A.; Okamura, Daryl M.; Park, Catherine; Sadun, Rebecca E.; Smitherman, Emily A.; Stotter, Brian R.; Dasgupta, Abhijit; Knight, Andrea M.; Hersh, Aimee O.; Wenderfer, Scott E.; Lewandowski, Laura B.","Principles of pediatric lupus nephritis in a prospective contemporary multi-center cohort.","Lupus","","1477-0962 0961-2033","10.1177/09612033211028658","","Lupus nephritis (LN) is a life-threatening manifestation of systemic lupus erythematosus (SLE) and is more common in children than adults. The epidemiology  and management of childhood-onset SLE (cSLE) have changed over time, prompting  the need to reassess expected outcomes. The purpose of this study is to use the  Childhood Arthritis and Rheumatology Research Alliance (CARRA) prospective  registry to validate historical principles of LN in a contemporary, real-world  cohort. After an extensive literature review, six principles of LN in cSLE were  identified. The CARRA registry was queried to evaluate these principles in  determining the rate of LN in cSLE, median time from cSLE diagnosis to LN,  short-term renal outcomes, and frequency of rituximab as an induction therapy. Of  the 677 cSLE patients in the CARRA registry, 32% had documented LN. Decline in  kidney function was more common in Black cSLE patients than non-Black patients  (p = 0.04). Black race was associated with worse short-term renal outcomes. In  short-term follow up, most children with LN had unchanged or improved kidney  function, and end stage kidney disease (ESKD) was rare. Ongoing follow-up of cSLE  patients in the CARRA registry will be necessary to evaluate long-term outcomes  to inform risk, management, and prognosis of LN in cSLE.","2021-09","2024-05-29 14:51:33","2024-05-29 14:51:33","","1660-1670","","10","30","","Lupus","","","","","","","","eng","","","","","","","Place: England","","","","Humans; Longitudinal Studies; Cohort Studies; Age of Onset; Child; *Lupus Erythematosus, Systemic; *Lupus Nephritis/drug therapy/epidemiology; childhood onset lupus; Kidney/physiopathology; lupus nephritis; Pediatric lupus nephritis; pediatric rheumatology","","","","","","","","","","","","","","","","","","","","","","","","","","","","","","","","","","","","","","","","","","","","","","",""
"Y4LC7M5J","journalArticle","2024","Hong, Tae Hee; Hwang, Soohyun; Dasgupta, Abhijit; Abbosh, Chris; Hung, Tiffany; Bredno, Jörg; Walker, Jill; Shi, Xiaojin; Milenkova, Tsveta; Horn, Leora; Choi, Joon Young; Lee, Ho Yun; Cho, Jong Ho; Choi, Yong Soo; Shim, Young Mog; Chai, Shoujie; Rhodes, Kate; Roychowdhury-Saha, Manami; Hodgson, Darren; Kim, Hong Kwan; Ahn, Myung-Ju","Clinical Utility of Tumor-Naïve Pre-surgical ctDNA Detection in Early-stage NSCLC","Journal of Thoracic Oncology","","1556-0864","10.1016/j.jtho.2024.07.002","https://www.sciencedirect.com/science/article/pii/S155608642400666X","Purpose The use of tumor-informed circulating tumor DNA (ctDNA) testing in early-stage patients before surgery is limited mainly due to restricted tissue access and extended turnaround times. This study aimed to evaluate the clinical value of a tumor-naïve, methylation-based cell-free DNA assay in a large cohort of patients with resected non-small cell lung cancer (NSCLC). Method We analyzed pre-surgical plasma samples from 895 patients with EGFR and ALK-wild-type, clinical stage I or II NSCLC. The ctDNA status was evaluated for its prognostic significance in relation to tumor volume, metabolic activity, histology, histological subtypes, and clinical-to-pathological TNM upstaging. Results Pre-surgical ctDNA detection was observed in 55 out of 414 (13%) patients with clinical stage I lung adenocarcinoma (LUAD) and was associated with poor recurrence-free survival (RFS) (2-year RFS 69% versus 91%; log-rank P<0.001), approaching that of clinical stage II LUAD. Pre-surgical ctDNA detection was not prognostic in patients with clinical stage II LUAD or non-LUAD. Within LUAD, tumor volume and positron emission tomography avidity interacted to predict pre-surgical ctDNA detection. Moreover, pre-surgical ctDNA detection was predictive of the post-surgical discovery of IASLC G3 tumors (P<0.001) and pathological TNM upstaging (P<0.001). Notably, pre-surgical ctDNA detection strongly correlated with higher PD-L1 expression in tumors (positive rates 28% vs. 55%, P<0.001), identifying a subgroup likely to benefit from anti-PD-(L)-1 therapies. Conclusion These findings support the integration of ctDNA testing into routine diagnostic workflows in early-stage NSCLC without the need of tumor tissue profiling. Furthermore, it is clinically useful in identifying high-risk patients who might benefit from innovative treatments, including neoadjuvant immune checkpoint inhibitors.","2024-07-09","2024-07-26 14:13:51","2025-10-30 01:13:08","2024-07-26 14:13:51","1512-1524","","11","19","","Journal of Thoracic Oncology","","","","","","","","","","","","","ScienceDirect","","","","/Users/ksrd721/Zotero/storage/7S9FKDDS/Hong et al. - 2024 - Clinical Utility of Tumor-Naïve Pre-surgical ctDNA Detection in Early-stage NSCLC.pdf; /Users/ksrd721/Zotero/storage/SDMKFJKY/S155608642400666X.html","","","Recurrence; NSCLC; Staging; Cell-free DNA; Cancer detection","","","","","","","","","","","","","","","","","","","","","","","","","","","","","","","","","","","","","","","","","","","","","",""
"YM2VYGKV","conferencePaper","2024","Hong, Tae Hee; Hwang, Soohyun; Abbosh, Chris; Dasgupta, Abhijit; Guthrie, Violeta; Hung, Tiffany; Bredno, Jörg; Walker, Jill; Shi, Xiaojin; Milenkova, Tsveta; Horn, Leora; Choi, Joon Young; Lee, Ho Yun; Cho, Jong Ho; Choi, Yong Soo; Shim, Young Mog; Hodgson, Darren; Kim, Hong Kwan; Ahn, Myung-Ju","PP01.82 Tumor-Naïve Pre-Surgical ctDNA Detection is Prognostic in Stage I Lung Adenocarcinoma (LUAD), Associating with PD-L1 Positivity and High-Grade Histological Subtype","Journal of Thoracic Oncology","","","10.1016/j.jtho.2024.05.313","https://www.jto.org/article/S1556-0864(24)00524-0/fulltext","","2024-07-01","2024-07-26 14:15:27","2025-10-30 01:21:15","2024-07-26 14:15:27","e37","","","19","","","","","","","","","","English","","","","","www.jto.org","","abstract","","/Users/ksrd721/Zotero/storage/KJYUN2XE/Hong et al. - 2024 - PP01.82 Tumor-Naïve Pre-Surgical ctDNA Detection is Prognostic in Stage I Lung Adenocarcinoma (LUAD).pdf","","","","","","","","","","","","","","","","","","","","","","","","","","","","","","","","","","","","","","","","","","","","","","","","",""
"NEASBSHW","journalArticle","2025","Driussi, Arnaud; Lamaze, Fabien C.; Kordahi, Manal; Armero, Victoria; Gaudreault, Nathalie; Orain, Michele; Enlow, William; Abbosh, Chris; Hodgson, Darren; Dasgupta, Abhijit; Gagne, Andeanne; Bosse, Yohan; Joubert, Philippe","Clinicopathological predictors of the presenceof blood circulating tumor DNA in early-stage non-small cell lung cancers","Modern Pathology","","","https://doi.org/10.1016/j.modpat.2025.100744","","","2025","2025-02-21 17:19:35","2025-10-30 02:19:54","","100744","","6","38","","","","","","","","","","","All rights reserved","","","","","","","","/Users/ksrd721/Zotero/storage/EPYLUAMJ/Driussi et al. - 2025 - Clinicopathological predictors of the presenceof blood circulating tumor DNA in early-stage non-smal.pdf","","","","","","","","","","","","","","","","","","","","","","","","","","","","","","","","","","","","","","","","","","","","","","","","",""
"NQ8KUX8E","journalArticle","2025","Gill, Jaidip; Dasgupta, Abhijit; Manry, Brychan; Markuzon, Natasha","Combining single-cell ATAC and RNA sequencing for supervised cell annotation","BMC Bioinformatics","","1471-2105","10.1186/s12859-025-06084-6","https://doi.org/10.1186/s12859-025-06084-6","Single-cell analysis offers insights into cellular heterogeneity and individual cell function. Cell type annotation is the first and critical step for performing such an analysis. Current methods mostly utilize single-cell RNA sequencing data. Several studies demonstrated improved unsupervised annotation when combining RNA with single-cell ATAC sequencing, but improvements in supervised methods have not been explored.","2025-02-26","2025-02-27 05:07:22","2025-02-27 05:07:22","2025-02-27 05:07:22","67","","1","26","","BMC Bioinformatics","","","","","","","","en","All rights reserved","","","","Springer Link","","","","/Users/ksrd721/Zotero/storage/JTSK69AX/Gill et al. - 2025 - Combining single-cell ATAC and RNA sequencing for supervised cell annotation.pdf","","","Machine learning; RNA; ATAC; Cell annotation; Single-cell sequencing","","","","","","","","","","","","","","","","","","","","","","","","","","","","","","","","","","","","","","","","","","","","","",""